permaticker,ticker,company_name,isdelisted,firstpricedate,lastpricedate,max_marketcap_millions,first_threshold_date,last_threshold_date,score,explanation,as_of_date,model,prompt_version
199059,AAPL,APPLE INC,N,1986-01-01,2026-07-31,4994876.0,1998-12-01,2026-07-31,72,"Apple benefits materially from the distraction economy through App Store commissions on gaming, in-app purchases, and streaming subscriptions, as well as through its own services like Apple TV+ and Apple Arcade. However, its exposure is diversified because the iPhone and broader ecosystem serve many essential productivity and communication purposes, and Apple actively markets privacy and screen-time management features that partially counteract distraction trends.",2026-07-31,z-ai/glm-5.2,doom_distraction_glm52_strict_two_sentence_json_v1
121293,ADFC,ADFORCE INC,Y,1999-05-07,2000-01-11,1644.0,1999-12-09,2000-01-11,78,"ADFORCE INC, as an advertising technology company, derives material revenue from digital ad serving and placement, which directly benefits from increased compulsive screen time and algorithmic feed engagement central to the distraction economy. However, without clear evidence that its entire franchise is structurally dependent on distraction-linked demand rather than serving broader advertising needs, the exposure remains material but somewhat diversified across general ad markets.",2026-07-31,z-ai/glm-5.2,doom_distraction_glm52_strict_two_sentence_json_v1
634780,APP,APPLOVIN CORP,N,2021-04-15,2026-07-31,243046.1,2021-04-15,2026-07-31,88,"AppLovin's core business consists of mobile advertising technology and app monetization platforms that directly serve mobile game developers and app publishers, meaning its revenue and franchise value are structurally tied to compulsive screen time, digital gaming, and algorithmic advertising. The company's AppDiscovery and MAX platforms profit directly when app developers spend more to acquire users who engage in longer, more frequent mobile sessions, making distraction-economy growth a primary driver of its economic performance rather than a secondary factor.",2026-07-31,z-ai/glm-5.2,doom_distraction_glm52_strict_two_sentence_json_v1
171552,AQNT,AQUANTIVE INC,Y,2000-04-06,2007-08-10,5368.8,2000-04-06,2007-08-10,78,"aQuantive was a digital advertising technology and marketing services company whose core revenue from ad serving (Atlas), media buying (DRIVEpm), and digital agency operations (Avenue A/Razorfish) was directly and structurally driven by increased screen time and algorithmic advertising spend. Its business model depended on growing digital ad impressions and targeted advertising, which are fundamental components of the distraction economy, though its diversified services across the digital ad stack prevent it from reaching the highest tier reserved for pure-play distraction platforms.",2026-07-31,z-ai/glm-5.2,doom_distraction_glm52_strict_two_sentence_json_v1
198850,ATVI,ACTIVISION BLIZZARD INC,Y,1993-10-25,2023-10-12,80230.3,2001-06-07,2023-10-12,95,"Activision Blizzard generates the vast majority of its revenue and franchise value directly from digital gaming and streaming, which are explicitly core components of the distraction economy. Its live-service business models, in-game purchases, and engagement-driven design rely structurally on maximizing compulsive screen time and continuous player attention.",2026-07-31,z-ai/glm-5.2,doom_distraction_glm52_strict_two_sentence_json_v1
632935,BZFD,BUZZFEED INC,N,2021-01-12,2026-07-31,1305.2,2021-11-08,2021-12-08,72,"BuzzFeed's core business model is built on viral content, quizzes, listicles, and algorithmic feed optimization designed to maximize compulsive engagement and monetize attention through advertising, making it a direct beneficiary of shorter attention spans and compulsive screen time. However, its revenue base is somewhat diversified across commerce, news, and entertainment, and it depends on third-party platforms rather than owning the distraction infrastructure itself, placing it in the material but not fully structural category.",2026-07-31,z-ai/glm-5.2,doom_distraction_glm52_strict_two_sentence_json_v1
191471,CACQ1,CAESARS ACQUISITION CO,Y,2013-11-19,2017-10-05,3022.9,2014-03-28,2017-10-05,78,"Caesars Acquisition Company's primary assets included Caesars Interactive Entertainment, which owned Playtika, a leading social and mobile casino gaming business that monetizes compulsive screen time through free-to-play slot and casino games with in-app purchases. The company also held real-money online gambling operations in regulated jurisdictions, which fall squarely within the narrow definition of the distraction economy, though its physical casino properties dilute the pure digital exposure.",2026-07-31,z-ai/glm-5.2,doom_distraction_glm52_strict_two_sentence_json_v1
195656,CMCSA,COMCAST CORP,N,1988-07-07,2026-07-31,283416.3,1998-12-01,2026-07-31,70,"Comcast's broadband franchise is a critical infrastructure bottleneck whose demand is materially driven by streaming, gaming, and social media consumption, while Peacock and NBCUniversal's advertising business add direct streaming and digital-ad exposure to the distraction economy. However, broadband also serves substantial productivity, education, and work-from-home uses, making the exposure diversified rather than purely distraction-linked.",2026-07-31,z-ai/glm-5.2,doom_distraction_glm52_strict_two_sentence_json_v1
633464,CTV,INNOVID CORP,Y,2021-02-11,2025-02-12,1183.8,2021-10-25,2021-12-03,75,"Innovid Corp (CTV) is a connected-television advertising technology company whose ad-serving, measurement, and analytics revenue is directly tied to the growth of streaming consumption and CTV ad spending, both of which are explicitly named components of the distraction economy. While its exposure is material and structurally aligned with increasing screen time and algorithmic advertising trends, it functions as an ad-tech intermediary rather than a content platform, making its benefit diversified across the CTV ecosystem rather than concentrated in a single distraction franchise.",2026-07-31,z-ai/glm-5.2,doom_distraction_glm52_strict_two_sentence_json_v1
124075,DCLK,DOUBLECLICK INC,Y,1998-02-20,2005-07-13,13227.4,1999-01-11,2005-07-13,78,"DoubleClick Inc. provided the core ad-serving and targeting infrastructure that powered the growth of digital advertising, a central pillar of the distraction economy as defined by algorithmic feeds and advertising. Its revenue and franchise value were materially and structurally tied to rising online ad volumes driven by increased screen time and compulsive engagement, though its exposure was diversified across all digital advertising rather than exclusively distraction-linked content.",2026-07-31,z-ai/glm-5.2,doom_distraction_glm52_strict_two_sentence_json_v1
110813,DKNG,DRAFTKINGS INC,N,2019-05-10,2026-07-31,28626.4,2020-05-01,2026-07-31,95,"DraftKings' entire revenue model is built on online gambling and digital gaming, both explicitly named components of the distraction economy, making its exposure direct and structural. Growth in compulsive screen time, algorithmic engagement, and online gambling directly increases DraftKings' handle, revenue, and strategic franchise value with minimal diversification away from these trends.",2026-07-31,z-ai/glm-5.2,doom_distraction_glm52_strict_two_sentence_json_v1
633406,DSP,VIANT TECHNOLOGY INC,N,2021-02-10,2026-07-31,3855.1,2021-02-10,2025-05-15,72,"Viant Technology operates a demand-side platform that enables programmatic digital advertising, meaning its revenue is materially tied to the growth of algorithmic feeds, compulsive screen time, and digital ad spending that define the distraction economy. However, its exposure is diversified across multiple advertising verticals and channels rather than exclusively dependent on the most compulsive distraction-economy segments, placing it in the material but diversified range.",2026-07-31,z-ai/glm-5.2,doom_distraction_glm52_strict_two_sentence_json_v1
193222,DTV1,DIRECTV,Y,2003-12-24,2015-07-24,47533.1,2003-12-24,2015-07-24,75,"DIRECTV's core pay-television business benefits materially from increased compulsive screen time and streaming consumption, as viewers spend more hours engaged with entertainment content and advertising-supported channels. However, the company's exposure is diversified rather than structurally dependent on the most harmful distraction-economy trends, as it primarily serves as a content distributor rather than an algorithmic-feed or gambling platform.",2026-07-31,z-ai/glm-5.2,doom_distraction_glm52_strict_two_sentence_json_v1
198895,EA,ELECTRONIC ARTS INC,N,1990-03-26,2026-07-31,52622.7,1998-12-01,2026-07-31,90,Electronic Arts generates substantial revenue and profit directly from digital gaming and compulsive screen time through its live-service franchises and microtransaction models. The company's strategic reliance on engaging players for extended periods structurally aligns with the growth of the distraction economy.,2026-07-31,z-ai/glm-5.2,doom_distraction_glm52_strict_two_sentence_json_v1
123472,ELBO,ELECTRONICS BOUTIQUE HOLDINGS CORP,Y,1998-07-28,2005-10-07,1698.3,2001-11-29,2005-10-07,85,"Electronics Boutique Holdings Corp generated its revenue primarily through the retail sale of video games and gaming hardware, which directly aligns with the digital gaming component of the distraction economy. As a pure-play specialty retailer, the company's financial success was structurally tied to the increasing consumer demand for interactive digital entertainment.",2026-07-31,z-ai/glm-5.2,doom_distraction_glm52_strict_two_sentence_json_v1
108442,FUBO,FUBOTV INC,N,2019-11-04,2026-07-31,5265.8,2020-11-03,2026-07-21,78,"FuboTV operates a streaming television platform that directly monetizes compulsive screen time and algorithmic content delivery, with advertising revenue representing a significant portion of its business model. While the company benefits structurally from increased digital streaming consumption and shorter attention spans driving ad engagement, its exposure is somewhat diversified across live sports and entertainment rather than being purely distraction-economy dependent.",2026-07-31,z-ai/glm-5.2,doom_distraction_glm52_strict_two_sentence_json_v1
194438,GLUU,GLU MOBILE INC,Y,2007-03-22,2021-04-28,2202.4,2018-08-23,2021-04-28,90,"Glu Mobile Inc. generated its revenue primarily through free-to-play mobile games, which directly aligns with the digital gaming and compulsive screen time components of the distraction economy. The company's business model relied on in-app purchases and continuous user engagement, structurally benefiting from the trends of shorter attention spans and algorithmic feeds driving mobile game usage.",2026-07-31,z-ai/glm-5.2,doom_distraction_glm52_strict_two_sentence_json_v1
110831,GNOG,GOLDEN NUGGET ONLINE GAMING INC,Y,2019-05-07,2022-05-04,1796.9,2020-12-24,2021-11-26,92,"Golden Nugget Online Gaming Inc.'s entire business model consists of online casino gaming and sports betting, which is explicitly named in the distraction economy definition as online gambling. The company's revenue and franchise value are directly and structurally tied to compulsive digital engagement with gambling products, making its exposure essentially total rather than incidental or diversified.",2026-07-31,z-ai/glm-5.2,doom_distraction_glm52_strict_two_sentence_json_v1
195146,GOOGL,ALPHABET INC,N,2004-08-19,2026-07-31,4878143.9,2004-08-19,2026-07-31,72,"Alphabet derives substantial revenue from YouTube, whose algorithmic feeds, Shorts, and advertising model directly monetize compulsive screen time and shorter attention spans, while Google Play Store takes a cut from gaming and app purchases that include distraction-economy content. However, the company is significantly diversified across Search, Cloud, and productivity tools that do not depend on distraction-economy trends, keeping the exposure material but not overwhelmingly structural to the overall franchise.",2026-07-31,z-ai/glm-5.2,doom_distraction_glm52_strict_two_sentence_json_v1
121383,GPU,GPU INC,Y,1986-01-01,2001-11-06,5774.4,1998-12-01,2001-11-06,72,"GPU Inc., as a GPU manufacturer, derives material revenue from digital gaming hardware and from data-center accelerators that power algorithmic feeds, targeted advertising, and streaming infrastructure, all of which are structurally tied to distraction-economy growth. However, GPUs also serve substantial non-distraction markets such as scientific computing, enterprise productivity, and autonomous vehicles, making the exposure diversified rather than predominantly distraction-driven.",2026-07-31,z-ai/glm-5.2,doom_distraction_glm52_strict_two_sentence_json_v1
198661,LNWO,LIGHT & WONDER INC,Y,1992-04-23,2025-11-14,9997.4,2003-12-04,2025-11-14,78,"Light & Wonder is a major supplier of iGaming content, digital gaming platforms, and casino games whose revenue and strategic growth are materially tied to online gambling and digital gaming engagement, both explicitly included in the distraction economy definition. However, the company also derives substantial revenue from lottery systems and physical gaming hardware, which diversifies its exposure and prevents it from reaching the highest tier reserved for predominantly distraction-linked franchises.",2026-07-31,z-ai/glm-5.2,doom_distraction_glm52_strict_two_sentence_json_v1
194817,META,META PLATFORMS INC,N,2012-05-18,2026-07-31,1984591.8,2012-05-18,2026-07-31,95,"Meta's core advertising revenue is structurally driven by algorithmic feeds on Facebook and Instagram that maximize compulsive screen time and engagement, directly linking its profit to the distraction economy. Trends such as shorter attention spans, social isolation, and depression increase time spent on its platforms, materially boosting ad inventory and franchise value.",2026-07-31,z-ai/glm-5.2,doom_distraction_glm52_strict_two_sentence_json_v1
197678,MGAM1,MULTIMEDIA GAMES HOLDING COMPANY INC,Y,1996-05-22,2014-12-19,1136.0,2013-07-31,2014-12-19,72,"Multimedia Games Holding Company Inc. derives its revenue primarily from designing and supplying electronic gaming machines and casino systems, which are fundamentally tied to compulsive gambling behavior that aligns with the distraction economy's gambling component. While the company's exposure is direct and structurally central to its business model, it focuses on physical casino gaming machines rather than the specifically online gambling or digital feed formats emphasized in the narrow definition, placing it in the material but diversified exposure range.",2026-07-31,z-ai/glm-5.2,doom_distraction_glm52_strict_two_sentence_json_v1
121385,MPLX1,MEDIAPLEX INC,Y,1999-11-19,2001-10-19,3133.2,1999-11-24,2000-05-17,70,"MediaPlex Inc operates as a digital advertising technology and ad-serving platform, giving it material direct exposure to the distraction economy through algorithmic feeds and advertising revenue that scale with compulsive screen time. However, its exposure is diversified across general digital advertising rather than being exclusively tied to the most compulsive distraction-economy segments, placing it in the material but not dominant range.",2026-07-31,z-ai/glm-5.2,doom_distraction_glm52_strict_two_sentence_json_v1
632451,MYPS,PLAYSTUDIOS INC,N,2020-10-23,2026-07-31,1328.7,2021-05-20,2021-07-02,88,"PLAYSTUDIOS Inc. operates exclusively in free-to-play social casino and casual mobile gaming, generating revenue through in-app purchases and advertising that depend directly on compulsive screen time and repeated engagement with digital games. Its entire franchise value is structurally tied to the digital gaming and algorithmic engagement trends central to the distraction economy, making its economic exposure substantial and direct rather than incidental or diversified.",2026-07-31,z-ai/glm-5.2,doom_distraction_glm52_strict_two_sentence_json_v1
196547,NFLX,NETFLIX INC,N,2002-05-23,2026-07-31,572822.4,2003-10-07,2026-07-31,92,"Netflix's entire revenue model depends on subscription streaming, which is explicitly named in the distraction economy definition, and its recommendation algorithms are engineered to maximize compulsive viewing and binge-watching behavior. Growth in compulsive screen time and shorter attention spans directly and structurally increase Netflix's engagement metrics, retention rates, and pricing power, making distraction-linked demand central rather than incidental to its franchise value.",2026-07-31,z-ai/glm-5.2,doom_distraction_glm52_strict_two_sentence_json_v1
197445,PENN,PENN ENTERTAINMENT INC,N,1994-05-26,2026-07-31,21355.7,2003-12-18,2026-07-31,72,"PENN Entertainment derives material revenue from online gambling and iCasino through ESPN Bet and theScore, which are directly named components of the distraction economy. Its physical regional casino footprint diversifies exposure, but the strategic growth emphasis on digital wagering ties a meaningful portion of its franchise value to compulsive screen-based gambling trends.",2026-07-31,z-ai/glm-5.2,doom_distraction_glm52_strict_two_sentence_json_v1
110959,PINS,PINTEREST INC,N,2019-04-18,2026-07-31,56032.1,2019-04-18,2026-07-31,85,"Pinterest's revenue model is built on algorithmic feeds and advertising that monetize compulsive screen time, directly tying its financial performance to engagement-driven scrolling. The platform's strategic franchise value depends on capturing user attention in ways that align with core distraction economy trends like shortened attention spans and social isolation.",2026-07-31,z-ai/glm-5.2,doom_distraction_glm52_strict_two_sentence_json_v1
632728,PUBM,PUBMATIC INC,N,2020-12-09,2026-07-31,3344.0,2020-12-09,2024-08-02,72,"PubMatic operates a sell-side advertising platform whose revenue is structurally tied to digital ad impressions, which grow directly with increased compulsive screen time and algorithmic feed engagement central to the distraction economy. While its exposure is material and direct, it is diversified across many publisher types rather than exclusively concentrated in distraction-economy verticals, placing it in the material-but-diversified range.",2026-07-31,z-ai/glm-5.2,doom_distraction_glm52_strict_two_sentence_json_v1
634353,RBLX,ROBLOX CORP,N,2021-03-10,2026-07-31,98136.0,2021-03-10,2026-07-31,88,"Roblox's entire revenue model is structurally tied to digital gaming engagement, compulsive screen time, and algorithmic game recommendations that maximize user hours on the platform, with Robux purchases and premium subscriptions directly scaling alongside engagement metrics. The platform's social features also substitute for offline relationships, particularly among younger users, making distraction-economy trends a core driver of its franchise value rather than an incidental benefit.",2026-07-31,z-ai/glm-5.2,doom_distraction_glm52_strict_two_sentence_json_v1
641557,RDDT,REDDIT INC,N,2024-03-21,2026-07-31,50665.0,2024-03-21,2026-07-31,75,"Reddit's revenue is overwhelmingly advertising-based and directly tied to user engagement, compulsive scrolling, and algorithmic content feeds that encourage extended screen time, placing it well within the material-and-direct exposure band. However, much of Reddit's value also derives from substantive community discussion and informational content rather than pure distraction, keeping it below the 80+ threshold reserved for franchises whose revenue is structurally and overwhelmingly dependent on distraction-economy trends.",2026-07-31,z-ai/glm-5.2,doom_distraction_glm52_strict_two_sentence_json_v1
121823,ROKU,ROKU INC,N,2017-09-28,2026-07-31,63485.1,2017-09-28,2026-07-31,85,"Roku's entire business model is built on streaming consumption and digital advertising, with platform revenue driven by ad impressions that scale directly with compulsive screen time and algorithmic ad delivery on its TV operating system. The company's strategic franchise value is structurally tied to growth in streaming hours and digital ad spend, making it a direct, substantial beneficiary of the distraction economy as narrowly defined.",2026-07-31,z-ai/glm-5.2,doom_distraction_glm52_strict_two_sentence_json_v1
110083,RSI,RUSH STREET INTERACTIVE INC,N,2020-02-21,2026-07-31,8032.8,2021-03-25,2026-07-31,88,"Rush Street Interactive operates online casino and sports betting platforms, making its revenue directly and structurally tied to online gambling, which is explicitly named in the distraction economy definition. Increased compulsive screen time and digital gambling engagement directly drive the company's core revenue and strategic franchise value, placing it firmly in the highest exposure band.",2026-07-31,z-ai/glm-5.2,doom_distraction_glm52_strict_two_sentence_json_v1
190927,SBET,SHARPLINK INC,N,1997-05-21,2026-07-31,16121.1,2000-11-21,2026-07-31,85,"SharpLink Gaming Inc (SBET) operates as a technology and marketing services provider specifically serving the online sports betting and iGaming industry, making its revenue directly and structurally tied to online gambling growth, which is explicitly named in the distraction economy definition. The company's customer acquisition and retention services for gambling operators mean that increased compulsive screen time and online gambling activity directly expand its addressable market and franchise value.",2026-07-31,z-ai/glm-5.2,doom_distraction_glm52_strict_two_sentence_json_v1
110857,SCPL,SCIPLAY CORP,Y,2019-05-03,2023-10-20,2862.1,2019-05-03,2023-10-20,88,"SciPlay Corp derives the substantial majority of its revenue from free-to-play mobile and social casino games that are explicitly designed to maximize compulsive screen time and engagement through algorithmic monetization mechanics. Its business model is structurally dependent on users spending increasing time in digital gaming environments, making it a direct and primary beneficiary of the distraction economy trends identified.",2026-07-31,z-ai/glm-5.2,doom_distraction_glm52_strict_two_sentence_json_v1
124373,SNAP,SNAP INC,N,2017-03-02,2026-07-31,131405.7,2017-03-02,2026-07-31,88,"Snap Inc.'s Snapchat platform derives virtually all of its revenue from advertising tied to user engagement, with features like algorithmic Discover and Spotlight feeds, Snap Streaks, and augmented reality lenses specifically designed to maximize compulsive screen time and social validation loops. The company's entire business model is structurally dependent on capturing and retaining user attention, making it a direct and substantial beneficiary of distraction-economy trends including shorter attention spans, social isolation, and algorithmic content consumption.",2026-07-31,z-ai/glm-5.2,doom_distraction_glm52_strict_two_sentence_json_v1
192577,STRZA,STARZ,Y,2006-05-04,2016-12-08,14911.1,2009-12-31,2016-12-08,70,"STARZ is a premium streaming and cable network whose subscription revenue depends directly on consumers spending more time watching screen entertainment, placing it squarely within the streaming and compulsive screen-time elements of the distraction economy. However, its subscription-based model lacks algorithmic feeds, advertising density, or gambling and pornography exposure, making its benefit material but not as structurally extreme as pure algorithmic or ad-driven distraction platforms.",2026-07-31,z-ai/glm-5.2,doom_distraction_glm52_strict_two_sentence_json_v1
632085,TBLA,TABOOLACOM LTD,N,2020-10-02,2026-07-31,2300.2,2021-04-30,2026-07-31,88,"Taboola's core business is algorithmic content recommendation and native advertising, which directly monetizes compulsive screen time and engagement-driven clicking through sponsored content widgets embedded across publisher sites. The company's revenue and strategic franchise value are structurally tied to algorithmic feeds and attention-capturing advertising, making distraction economy growth a direct and substantial driver of its economic model.",2026-07-31,z-ai/glm-5.2,doom_distraction_glm52_strict_two_sentence_json_v1
635829,TEAD,TEADS HOLDING CO,N,2021-07-23,2026-07-31,1071.0,2021-07-23,2021-09-02,72,"Teads is a global video advertising technology platform whose revenue is directly tied to monetizing digital screen time through outstream video ad formats across publisher inventory, structurally benefiting from increased compulsive screen time and the growth of algorithmic feeds and digital advertising. While the company serves a diversified range of premium publishers and content types rather than purely distraction-economy properties, its core business model of monetizing digital attention creates material and direct exposure to the trends specified.",2026-07-31,z-ai/glm-5.2,doom_distraction_glm52_strict_two_sentence_json_v1
188508,THQIQ,THQ INC,Y,1991-08-01,2013-08-15,2387.2,2001-05-24,2008-09-03,72,"THQ Inc. was a video game publisher whose core revenue came from digital gaming, which is explicitly included in the narrow definition of the distraction economy. While the company had direct structural exposure to gaming-driven compulsive screen time, its portfolio spanned diverse genres and platforms rather than concentrating on the most addictive free-to-play or microtransaction-heavy models, placing it in the material but diversified range.",2026-07-31,z-ai/glm-5.2,doom_distraction_glm52_strict_two_sentence_json_v1
194309,TLRA,TELARIA INC,Y,2012-09-20,2020-03-31,1492.3,2013-06-14,2013-06-26,85,"Telaria Inc. (TLRA) operated a programmatic video advertising platform focused on connected TV (CTV) and digital video, meaning its core revenue was directly and structurally tied to increased streaming consumption, screen time, and digital ad spending. The company's entire business model depended on advertisers reaching audiences through algorithmic video feeds and streaming platforms, making it a direct beneficiary of distraction economy trends rather than a diversified or incidental one.",2026-07-31,z-ai/glm-5.2,doom_distraction_glm52_strict_two_sentence_json_v1
197239,TTWO,TAKE TWO INTERACTIVE SOFTWARE INC,N,1997-04-15,2026-07-31,48384.7,2002-08-19,2026-07-31,88,"Take Two Interactive's core business is digital gaming, explicitly named in the distraction economy definition, with franchises like Grand Theft Auto Online and NBA 2K generating substantial recurrent consumer spending through compulsive engagement mechanics and microtransactions. The company's revenue and strategic franchise value are directly and structurally tied to increased screen time, shorter attention spans, and digital gaming habits, making its economic exposure to the distraction economy both material and fundamental rather than incidental.",2026-07-31,z-ai/glm-5.2,doom_distraction_glm52_strict_two_sentence_json_v1
187959,TWTR,TWITTER INC,Y,2013-11-07,2022-10-27,61960.6,2013-11-07,2022-10-27,88,"Twitter's revenue model is structurally dependent on algorithmic feeds and advertising, which directly monetize compulsive screen time and shortened attention spans. The platform's engagement-driven design means that increased social isolation and compulsive scrolling materially increase its advertising inventory and franchise value.",2026-07-31,z-ai/glm-5.2,doom_distraction_glm52_strict_two_sentence_json_v1
631990,U,UNITY SOFTWARE INC,N,2020-09-18,2026-07-31,57522.5,2020-09-18,2026-07-31,72,"Unity Software derives a substantial portion of its revenue from game developers who use its engine to build mobile and digital games, many of which rely on compulsive engagement and in-game advertising monetization. While Unity also serves non-gaming verticals such as industrial simulation and film, its core gaming and advertising businesses are materially and structurally exposed to distraction-economy trends like increased screen time and algorithmic ad delivery.",2026-07-31,z-ai/glm-5.2,doom_distraction_glm52_strict_two_sentence_json_v1
193488,WBD,WARNER BROS DISCOVERY INC,N,2005-07-08,2026-07-31,74289.7,2005-07-08,2026-07-31,78,"Warner Bros Discovery derives material revenue from streaming (Max), digital gaming, and algorithmic advertising-supported content that directly benefit from compulsive screen time and engagement-driven consumption. While these distraction-economy trends structurally support key segments, the company's broad portfolio across traditional television, film, and physical experiences means its exposure is diversified rather than overwhelmingly dependent on those trends.",2026-07-31,z-ai/glm-5.2,doom_distraction_glm52_strict_two_sentence_json_v1
193448,ZNGA,ZYNGA INC,Y,2011-12-16,2022-05-23,13142.2,2011-12-16,2022-05-23,88,"Zynga's entire business model centers on free-to-play mobile and social games monetized through in-app purchases and advertising, directly aligning with the distraction economy's digital gaming and compulsive screen time trends. The company's revenue and franchise value are structurally dependent on maximizing user engagement and session length, making its economic exposure both direct and substantial.",2026-07-31,z-ai/glm-5.2,doom_distraction_glm52_strict_two_sentence_json_v1
