year,public_debt_trillions,ssa_unfunded_75yr_trillions,medicare_total_resource_gap_75yr_trillions,doom_index_trillions,households,mean_after_tax_income_per_consumer_unit,household_count_status,income_status,public_debt_per_household,ssa_unfunded_per_household,medicare_resource_gap_per_household,total_liabilities_per_household,liabilities_to_disposable_income_ratio,liabilities_index_2004,income_index_2004
2004,7.01731,3.7,28.051,38.76831,112000000.0,52287.0,Census actual,BLS Consumer Expenditure Survey actual,62654.55357143,33035.71428571,250455.35714286,346145.625,6.62010873,100.0,100.0
2005,7.62288,4.0,29.899,41.52188,113343000.0,56304.0,Census actual,BLS Consumer Expenditure Survey actual,67254.96942908,35291.10752318,263792.2059589,366338.28291116,6.50643441,105.83357306,107.68259797
2006,8.19038,4.6,32.305,45.09538,114384000.0,58101.0,Census actual,BLS Consumer Expenditure Survey actual,71604.245349,40215.41474332,282425.86375717,394245.52384949,6.78552045,113.89585636,111.1193987
2007,8.68321,4.7,34.085,47.46821,116011000.0,60858.0,Census actual,BLS Consumer Expenditure Survey actual,74848.16095025,40513.39959142,293808.34576032,409169.90630199,6.72335447,118.20744703,116.39221986
2008,9.20252,4.3,36.312,49.81452,116783000.0,61774.0,Census actual,BLS Consumer Expenditure Survey actual,78800.16783265,36820.42763073,310935.66700633,426556.26246971,6.90510996,123.23029143,118.14408935
2009,10.62608,5.3,38.107,54.03308,117181000.0,60753.0,Census actual,BLS Consumer Expenditure Survey actual,90680.91243461,45229.17537826,325197.7709697,461107.85878257,7.58987801,133.21210077,116.19140513
2010,12.30177,5.4,22.813,40.51477,117538000.0,60712.0,Census actual,BLS Consumer Expenditure Survey actual,104662.06673586,45942.5887798,194090.42182103,344695.07733669,5.67754443,99.58094294,116.11299176
2011,14.05941,6.5,24.572,45.13141,119927000.0,61673.0,Census actual,BLS Consumer Expenditure Survey actual,117233.06678229,54199.63811319,204891.30887957,376324.01377505,6.10192489,108.71840826,117.9509247
2012,15.23622,8.6,27.174,51.01022,121084000.0,63370.0,Census actual,BLS Consumer Expenditure Survey actual,125831.81923293,71025.07350269,224422.71480955,421279.60754518,6.64793447,121.70588825,121.19647331
2013,16.43256,9.6,27.302,53.33456,122459000.0,56352.0,Census actual,BLS Consumer Expenditure Survey actual,134188.25892748,78393.58479164,222948.08874807,435529.93246719,7.72873957,125.82274656,107.77439899
2014,17.26672,10.6,28.483,56.34972,123229000.0,58364.0,Census actual,BLS Consumer Expenditure Survey actual,140118.96550325,86018.71312759,231138.77415219,457276.45278303,7.83490598,132.10522386,111.6223918
2015,18.09512,10.7,27.94,56.73512,124587000.0,60448.0,Census actual,BLS Consumer Expenditure Survey actual,145240.83572122,85883.75994285,224260.95820591,455385.55386999,7.53350903,131.5589512,115.60808614
2016,18.96259,11.4,32.5,62.86259,125819000.0,64175.0,Census actual,BLS Consumer Expenditure Survey actual,150713.24680692,90606.34721306,258307.56880916,499627.16282914,7.78538625,144.34016401,122.73605294
2017,19.93902,12.5,33.5,65.93902,126224000.0,63606.0,Census actual,BLS Consumer Expenditure Survey actual,157965.3631639,99030.29534795,265401.19153251,522396.85004437,8.21301214,150.91822988,121.64782833
2018,20.49334,13.2,37.6,71.29334,127586000.0,67241.0,Census actual,BLS Consumer Expenditure Survey actual,160623.7361466,103459.62723183,294703.18059975,558786.54397818,8.31020574,161.4310578,128.59984317
2019,21.95025,13.9,42.2,78.05025,128579000.0,71487.0,Census actual,BLS Consumer Expenditure Survey actual,170714.1135022,108104.7449428,328202.89471842,607021.75316342,8.49135861,175.36600475,136.72040851
2020,23.22235,16.8,45.7,85.72235,128451000.0,74949.0,Census actual,BLS Consumer Expenditure Survey actual,180787.61551097,130789.17252493,355777.68954699,667354.47758289,8.9041145,192.79587243,143.34155717
2021,27.76847,19.8,48.2,95.76847,129224000.0,78743.0,Census actual,BLS Consumer Expenditure Survey actual,214886.32142636,153222.3116449,372995.72834768,741104.36141893,9.41168563,214.10190044,150.5976629
2022,29.92427,20.4,52.5,102.82427,131202000.0,82944.0,Census actual,BLS Consumer Expenditure Survey actual,228077.84942303,155485.43467325,400146.33923263,783709.62332891,9.44865962,226.41037954,158.63216478
2023,31.45725,22.4,53.1,106.95725,131434000.0,87869.0,Census actual,BLS Consumer Expenditure Survey actual,239338.75557314,170427.74320191,404005.05196524,813771.5507403,9.26119053,235.09514261,168.05133207
2024,34.13546,22.6,52.8,109.53546,132216000.0,87869.0,Census actual,Latest BLS actual (2023) carried forward,258179.49416107,170932.41362619,399346.52387003,828458.43165729,9.42833572,239.33812009,168.05133207
2025,36.21891,25.1,60.4,121.71891,134790000.0,87869.0,Census actual,Latest BLS actual (2023) carried forward,268706.20965947,186215.59462868,448104.45878774,903026.2630759,10.27696074,260.88044969,168.05133207
2026,40.26064,29.3,65.3,134.86064,134790000.0,87869.0,Latest Census count carried forward,Latest BLS actual (2023) carried forward,298691.59433192,217375.17620001,484457.3039543,1000524.07448624,11.38654218,289.04715305,168.05133207
