calendar_year,utility_capex_nominal_usd,companies_with_capex,superseded_versions_removed_x,generation_twh,annual_average_cpi,period_type_x,period_label_x,capex_as_of_date,generation_as_of_date,utility_capex_2025_usd,nominal_capex_per_mwh,real_2025_capex_per_mwh,price_basis,generation_index_2004,real_capex_index_2004,real_capex_per_mwh_index_2004,aggregate_fcf_usd,matched_revenue_usd,aggregate_fcf_margin,companies_with_fcf_and_revenue,company_rows,superseded_versions_removed_y,period_type_y,output_per_hour_index,annual_growth,five_year_annualized_growth,period_label_y,period_type
2004,44380773985.0,118,4.0,3970.555264,188.90833333,completed_calendar_year,2004,2004-12-31,2004-12-31,77828526665.42354,11.17747293,19.60142134,latest CPI (2026),100.0,100.0,100.0,495572962942.9092,8375121715525.212,0.05917203,4272,4283,267.0,completed_calendar_year,82.74925,0.02979911,,2004,completed_annual_average
2005,49131948329.0,122,7.0,4055.42275,195.26666667,completed_calendar_year,2005,2005-12-31,2005-12-31,83354860195.99307,12.11512371,20.55392627,latest CPI (2026),102.1374211,107.10065289,104.85936666,505002809367.3976,9189098849993.809,0.05495673,4229,4235,190.0,completed_calendar_year,84.558,0.0218582,,2005,completed_annual_average
2006,64893950045.0,121,3.0,4064.702228,201.55833333,completed_calendar_year,2006,2006-12-31,2006-12-31,106659245011.7692,15.96524085,26.24035883,latest CPI (2026),102.37112841,137.04389583,133.86967396,487505185272.2549,9706966546325.902,0.0502222,4103,4109,168.0,completed_calendar_year,85.40075,0.00996653,,2006,completed_annual_average
2007,71208334175.0,113,4.0,4156.744724,207.34416667,completed_calendar_year,2007,2007-12-31,2007-12-31,113771650409.51508,17.13079318,27.37037224,latest CPI (2026),104.68925497,146.18245428,139.63463043,557257314882.1428,10221091577082.238,0.05452033,3989,3996,175.0,completed_calendar_year,86.758,0.01589272,,2007,completed_annual_average
2008,84653522449.0,110,3.0,4119.38776,215.25425,completed_calendar_year,2008,2008-12-31,2008-12-31,130283180635.06024,20.55002524,31.62683103,latest CPI (2026),103.7484051,167.39772191,161.3496822,535917659101.2921,10951941193741.416,0.04893358,3778,3782,111.0,completed_calendar_year,87.89225,0.01307372,0.01809383,2008,completed_annual_average
2009,79242055970.0,104,2.0,3950.330927,214.56466667,completed_calendar_year,2009,2009-12-31,2009-12-31,122346790850.08376,20.05959942,30.97127636,latest CPI (2026),99.4906421,157.20044576,158.00525803,704018807582.1111,9556674653715.906,0.07366776,3638,3644,137.0,completed_calendar_year,91.47,0.04070609,0.02024135,2009,completed_annual_average
2010,77840394185.0,103,0.0,4125.0599,218.07616667,completed_calendar_year,2010,2010-12-31,2010-12-31,118247474952.05817,18.87012457,28.66563827,latest CPI (2026),103.89126018,151.93333347,146.2426514,726710400840.7351,10612438200538.64,0.06847723,3536,3544,114.0,completed_calendar_year,94.356,0.03155133,0.02216961,2010,completed_annual_average
2011,84060864847.0,98,0.0,4100.140927,224.923,completed_calendar_year,2011,2011-12-31,2011-12-31,123809805128.44864,20.50194526,30.19647552,latest CPI (2026),103.26366602,159.08023759,154.05247917,730532402247.7947,11951482184729.438,0.06112484,3465,3472,120.0,completed_calendar_year,94.3325,-0.00024906,0.02009339,2011,completed_annual_average
2012,95582595798.0,96,0.0,4047.765267,229.58608333,completed_calendar_year,2012,2012-12-31,2012-12-31,137920338760.96713,23.61367063,34.07320575,latest CPI (2026),101.94456437,177.2105225,173.8302808,688800903612.4647,12199923328901.492,0.05645945,3469,3474,126.0,completed_calendar_year,95.218,0.00938701,0.0187835,2012,completed_annual_average
2013,95716968611.99998,98,5.0,4065.964068,232.95175,completed_calendar_year,2013,2013-12-31,2013-12-31,136118768788.65381,23.54102668,33.47761232,latest CPI (2026),102.40290835,174.89572862,170.79175918,748976006227.0,12468920660454.0,0.06006743,3549,3557,132.0,completed_calendar_year,95.78875,0.00599414,0.01735561,2013,completed_annual_average
2014,99230349196.00002,99,0.0,4093.564143,236.715,completed_calendar_year,2014,2014-12-31,2014-12-31,138871713570.56894,24.24057514,33.9244015,latest CPI (2026),103.09802712,178.43292109,173.07113052,730605069897.0,12978713641669.0,0.05629256,3585,3589,143.0,completed_calendar_year,96.75425,0.01007947,0.01129596,2014,completed_annual_average
2015,110558338384.0,99,0.0,4078.713773,237.00175,completed_calendar_year,2015,2015-12-31,2015-12-31,154537899066.396,27.10617723,37.88888058,latest CPI (2026),102.7240147,198.56202563,193.29659789,753527294148.0,12345661511758.0,0.0610358,3520,3525,116.0,completed_calendar_year,97.98325,0.01270228,0.00757287,2015,completed_annual_average
2016,114188734042.0,91,0.0,4077.573801,240.00541667,completed_calendar_year,2016,2016-12-31,2016-12-31,157614899135.2987,28.00408763,38.65408864,latest CPI (2026),102.69530405,202.51558893,197.20043755,847720492860.9999,12236097101880.0,0.0692803,3453,3455,99.0,completed_calendar_year,98.5865,0.00615666,0.00886074,2016,completed_annual_average
2017,109524178880.0,88,3.0,4035.442895,245.121,completed_calendar_year,2017,2017-12-31,2017-12-31,148021411012.7,27.14055972,36.68033841,latest CPI (2026),101.63422057,190.18914703,187.13101351,920558140593.0,12943131432605.0,0.07112329,3440,3443,121.0,completed_calendar_year,100.0605,0.01495134,0.00997058,2017,completed_annual_average
2018,114943110586.99998,80,2.0,4180.987703,251.0995,completed_calendar_year,2018,2018-12-31,2018-12-31,151646416290.6439,27.49185569,36.27047651,latest CPI (2026),105.29982395,194.84682903,185.04003304,1062591460586.0,13872419901670.0,0.07659741,3427,3430,102.0,completed_calendar_year,101.471,0.01409647,0.01159223,2018,completed_annual_average
2019,122336037916.00002,78,0.0,4130.57388,255.65258333,completed_calendar_year,2019,2019-12-31,2019-12-31,158525553782.36053,29.61720126,38.37857847,latest CPI (2026),104.03013194,203.68566716,195.79487535,1059876211379.0,14201763512715.002,0.0746299,3453,3459,102.0,completed_calendar_year,103.63575,0.02133368,0.01383647,2019,completed_annual_average
2020,135485972765.00002,81,4.0,4009.766846,258.85575,completed_calendar_year,2020,2020-12-31,2020-12-31,173393004103.0288,33.78899023,43.24266491,latest CPI (2026),100.98755915,222.78849611,220.60984341,1213959305303.0,13610424060762.0,0.08919335,3849,3855,341.0,completed_calendar_year,109.13525,0.05306567,0.02179234,2020,completed_annual_average
2021,131061476026.99998,88,3.0,4109.69939,270.97341667,completed_calendar_year,2021,2021-12-31,2021-12-31,160229848114.40012,31.89076952,38.98821615,latest CPI (2026),103.50439968,205.87547392,198.90504611,1453839752467.64,16145382989049.998,0.09004678,4251,4255,178.0,completed_calendar_year,111.3865,0.02062807,0.02471483,2021,completed_annual_average
2022,146755257100.0,85,1.0,4230.667564,292.62641667,completed_calendar_year,2022,2022-12-31,2022-12-31,166140377145.3108,34.6884398,39.27048737,latest CPI (2026),106.55103084,213.46977036,200.345101,1374282144803.8362,18325543465198.0,0.07499271,3979,3983,119.0,completed_calendar_year,109.7515,-0.01467862,0.01866072,2022,completed_annual_average
2023,174552672327.0,86,5.0,4183.270479,304.703,completed_calendar_year,2023,2023-12-31,2023-12-31,189777545575.2143,41.72636534,45.36583196,latest CPI (2026),105.35731657,243.84059895,231.44154283,1508476516313.9463,18396618892285.0,0.08199749,3638,3643,124.0,completed_calendar_year,112.09225,0.02132773,0.02010935,2023,completed_annual_average
2024,180714203300.0,87,3.0,4308.634298,313.69816667,completed_calendar_year,2024,2024-12-31,2024-12-31,190842615741.40085,41.94233968,44.29306424,latest CPI (2026),108.51465378,245.20908196,225.96863503,1564291818549.1985,18973193969962.07,0.08244747,3467,3472,73.0,completed_calendar_year,115.35425,0.02910103,0.02165626,2024,completed_annual_average
2025,201261563750.99997,84,1.0,4429.501604,321.96190909,completed_calendar_year,2025,2025-12-31,2025-12-31,207086316111.108,45.43661607,46.75160653,latest CPI (2026),111.55874455,266.08022146,238.51130859,1661103918986.3616,19773006651819.805,0.08400867,3414,3420,80.0,completed_calendar_year,117.9515,0.02251543,0.01565845,2025,completed_annual_average
2026,219602434766.0,82,,4480.7182177,331.279875,latest_trailing_12_months,TTM through Jul 2026,2026-10-03,2026-07-01,219602434766.00006,49.01054342,49.01054342,latest CPI (2026),112.84865516,282.16188096,250.0356611,1897405056429.0,20941886079179.0,0.09060335,3128,3398,,current_rolling_four_quarters,120.017,0.02242194,0.01460146,Q2 2026,latest_quarter_yoy
