date_from,date_to,term,missing_data,trend_index,trend_index_12w_ma,trend_index_52w_ma,trend_index_12w_ma_prior_year,trend_index_12w_ma_yoy_pct
2021-10-03,2021-10-09,AI Porn,False,2.0,,,,
2021-10-03,2021-10-09,Best Colleges,False,29.0,,,,
2021-10-03,2021-10-09,Trade School,False,9.0,,,,
2021-10-10,2021-10-16,AI Porn,False,1.0,,,,
2021-10-10,2021-10-16,Best Colleges,False,26.0,,,,
2021-10-10,2021-10-16,Trade School,False,8.0,,,,
2021-10-17,2021-10-23,AI Porn,False,2.0,,,,
2021-10-17,2021-10-23,Best Colleges,False,27.0,,,,
2021-10-17,2021-10-23,Trade School,False,11.0,,,,
2021-10-24,2021-10-30,AI Porn,False,2.0,,,,
2021-10-24,2021-10-30,Best Colleges,False,26.0,,,,
2021-10-24,2021-10-30,Trade School,False,9.0,,,,
2021-10-31,2021-11-06,AI Porn,False,1.0,,,,
2021-10-31,2021-11-06,Best Colleges,False,24.0,,,,
2021-10-31,2021-11-06,Trade School,False,8.0,,,,
2021-11-07,2021-11-13,AI Porn,False,2.0,,,,
2021-11-07,2021-11-13,Best Colleges,False,25.0,,,,
2021-11-07,2021-11-13,Trade School,False,8.0,,,,
2021-11-14,2021-11-20,AI Porn,False,1.0,,,,
2021-11-14,2021-11-20,Best Colleges,False,25.0,,,,
2021-11-14,2021-11-20,Trade School,False,8.0,,,,
2021-11-21,2021-11-27,AI Porn,False,2.0,,,,
2021-11-21,2021-11-27,Best Colleges,False,22.0,,,,
2021-11-21,2021-11-27,Trade School,False,6.0,,,,
2021-11-28,2021-12-04,AI Porn,False,1.0,,,,
2021-11-28,2021-12-04,Best Colleges,False,25.0,,,,
2021-11-28,2021-12-04,Trade School,False,9.0,,,,
2021-12-05,2021-12-11,AI Porn,False,2.0,,,,
2021-12-05,2021-12-11,Best Colleges,False,22.0,,,,
2021-12-05,2021-12-11,Trade School,False,8.0,,,,
2021-12-12,2021-12-18,AI Porn,False,2.0,,,,
2021-12-12,2021-12-18,Best Colleges,False,22.0,,,,
2021-12-12,2021-12-18,Trade School,False,8.0,,,,
2021-12-19,2021-12-25,AI Porn,False,2.0,1.6666666666666667,,,
2021-12-19,2021-12-25,Best Colleges,False,21.0,24.5,,,
2021-12-19,2021-12-25,Trade School,False,6.0,8.166666666666666,,,
2021-12-26,2022-01-01,AI Porn,False,2.0,1.6666666666666667,,,
2021-12-26,2022-01-01,Best Colleges,False,24.0,24.08333333333333,,,
2021-12-26,2022-01-01,Trade School,False,6.0,7.916666666666667,,,
2022-01-02,2022-01-08,AI Porn,False,2.0,1.75,,,
2022-01-02,2022-01-08,Best Colleges,False,28.0,24.25,,,
2022-01-02,2022-01-08,Trade School,False,8.0,7.916666666666667,,,
2022-01-09,2022-01-15,AI Porn,False,2.0,1.75,,,
2022-01-09,2022-01-15,Best Colleges,False,26.0,24.166666666666668,,,
2022-01-09,2022-01-15,Trade School,False,8.0,7.666666666666667,,,
2022-01-16,2022-01-22,AI Porn,False,2.0,1.75,,,
2022-01-16,2022-01-22,Best Colleges,False,26.0,24.166666666666668,,,
2022-01-16,2022-01-22,Trade School,False,8.0,7.583333333333333,,,
2022-01-23,2022-01-29,AI Porn,False,2.0,1.8333333333333333,,,
2022-01-23,2022-01-29,Best Colleges,False,28.0,24.5,,,
2022-01-23,2022-01-29,Trade School,False,9.0,7.666666666666667,,,
2022-01-30,2022-02-05,AI Porn,False,2.0,1.8333333333333333,,,
2022-01-30,2022-02-05,Best Colleges,False,28.0,24.75,,,
2022-01-30,2022-02-05,Trade School,False,9.0,7.75,,,
2022-02-06,2022-02-12,AI Porn,False,2.0,1.9166666666666667,,,
2022-02-06,2022-02-12,Best Colleges,False,26.0,24.83333333333333,,,
2022-02-06,2022-02-12,Trade School,False,9.0,7.833333333333333,,,
2022-02-13,2022-02-19,AI Porn,False,2.0,1.9166666666666667,,,
2022-02-13,2022-02-19,Best Colleges,False,29.0,25.416666666666668,,,
2022-02-13,2022-02-19,Trade School,False,8.0,8.0,,,
2022-02-20,2022-02-26,AI Porn,False,1.0,1.9166666666666667,,,
2022-02-20,2022-02-26,Best Colleges,False,29.0,25.75,,,
2022-02-20,2022-02-26,Trade School,False,8.0,7.916666666666667,,,
2022-02-27,2022-03-05,AI Porn,False,1.0,1.8333333333333333,,,
2022-02-27,2022-03-05,Best Colleges,False,29.0,26.33333333333333,,,
2022-02-27,2022-03-05,Trade School,False,8.0,7.916666666666667,,,
2022-03-06,2022-03-12,AI Porn,False,1.0,1.75,,,
2022-03-06,2022-03-12,Best Colleges,False,29.0,26.916666666666668,,,
2022-03-06,2022-03-12,Trade School,False,8.0,7.916666666666667,,,
2022-03-13,2022-03-19,AI Porn,False,2.0,1.75,,,
2022-03-13,2022-03-19,Best Colleges,False,29.0,27.58333333333333,,,
2022-03-13,2022-03-19,Trade School,False,8.0,8.083333333333334,,,
2022-03-20,2022-03-26,AI Porn,False,1.0,1.6666666666666667,,,
2022-03-20,2022-03-26,Best Colleges,False,34.0,28.416666666666668,,,
2022-03-20,2022-03-26,Trade School,False,9.0,8.333333333333334,,,
2022-03-27,2022-04-02,AI Porn,False,1.0,1.5833333333333333,,,
2022-03-27,2022-04-02,Best Colleges,False,36.0,29.08333333333333,,,
2022-03-27,2022-04-02,Trade School,False,8.0,8.333333333333334,,,
2022-04-03,2022-04-09,AI Porn,False,1.0,1.5,,,
2022-04-03,2022-04-09,Best Colleges,False,34.0,29.75,,,
2022-04-03,2022-04-09,Trade School,False,8.0,8.333333333333334,,,
2022-04-10,2022-04-16,AI Porn,False,2.0,1.5,,,
2022-04-10,2022-04-16,Best Colleges,False,36.0,30.58333333333333,,,
2022-04-10,2022-04-16,Trade School,False,8.0,8.333333333333334,,,
2022-04-17,2022-04-23,AI Porn,False,2.0,1.5,,,
2022-04-17,2022-04-23,Best Colleges,False,36.0,31.25,,,
2022-04-17,2022-04-23,Trade School,False,9.0,8.333333333333334,,,
2022-04-24,2022-04-30,AI Porn,False,1.0,1.4166666666666667,,,
2022-04-24,2022-04-30,Best Colleges,False,38.0,32.083333333333336,,,
2022-04-24,2022-04-30,Trade School,False,10.0,8.416666666666666,,,
2022-05-01,2022-05-07,AI Porn,False,2.0,1.4166666666666667,,,
2022-05-01,2022-05-07,Best Colleges,False,36.0,32.916666666666664,,,
2022-05-01,2022-05-07,Trade School,False,8.0,8.333333333333334,,,
2022-05-08,2022-05-14,AI Porn,False,1.0,1.3333333333333333,,,
2022-05-08,2022-05-14,Best Colleges,False,35.0,33.416666666666664,,,
2022-05-08,2022-05-14,Trade School,False,9.0,8.416666666666666,,,
2022-05-15,2022-05-21,AI Porn,False,1.0,1.3333333333333333,,,
2022-05-15,2022-05-21,Best Colleges,False,36.0,34.0,,,
2022-05-15,2022-05-21,Trade School,False,9.0,8.5,,,
2022-05-22,2022-05-28,AI Porn,False,2.0,1.4166666666666667,,,
2022-05-22,2022-05-28,Best Colleges,False,36.0,34.583333333333336,,,
2022-05-22,2022-05-28,Trade School,False,8.0,8.5,,,
2022-05-29,2022-06-04,AI Porn,False,1.0,1.4166666666666667,,,
2022-05-29,2022-06-04,Best Colleges,False,37.0,35.25,,,
2022-05-29,2022-06-04,Trade School,False,7.0,8.416666666666666,,,
2022-06-05,2022-06-11,AI Porn,False,2.0,1.4166666666666667,,,
2022-06-05,2022-06-11,Best Colleges,False,41.0,36.25,,,
2022-06-05,2022-06-11,Trade School,False,7.0,8.333333333333334,,,
2022-06-12,2022-06-18,AI Porn,False,2.0,1.5,,,
2022-06-12,2022-06-18,Best Colleges,False,43.0,37.0,,,
2022-06-12,2022-06-18,Trade School,False,7.0,8.166666666666666,,,
2022-06-19,2022-06-25,AI Porn,False,2.0,1.5833333333333333,,,
2022-06-19,2022-06-25,Best Colleges,False,52.0,38.333333333333336,,,
2022-06-19,2022-06-25,Trade School,False,7.0,8.083333333333334,,,
2022-06-26,2022-07-02,AI Porn,False,2.0,1.6666666666666667,,,
2022-06-26,2022-07-02,Best Colleges,False,44.0,39.16666666666666,,,
2022-06-26,2022-07-02,Trade School,False,6.0,7.916666666666667,,,
2022-07-03,2022-07-09,AI Porn,False,1.0,1.5833333333333333,,,
2022-07-03,2022-07-09,Best Colleges,False,42.0,39.66666666666666,,,
2022-07-03,2022-07-09,Trade School,False,7.0,7.833333333333333,,,
2022-07-10,2022-07-16,AI Porn,False,2.0,1.5833333333333333,,,
2022-07-10,2022-07-16,Best Colleges,False,42.0,40.16666666666666,,,
2022-07-10,2022-07-16,Trade School,False,7.0,7.666666666666667,,,
2022-07-17,2022-07-23,AI Porn,False,2.0,1.6666666666666667,,,
2022-07-17,2022-07-23,Best Colleges,False,47.0,40.91666666666666,,,
2022-07-17,2022-07-23,Trade School,False,7.0,7.416666666666667,,,
2022-07-24,2022-07-30,AI Porn,False,2.0,1.6666666666666667,,,
2022-07-24,2022-07-30,Best Colleges,False,48.0,41.91666666666666,,,
2022-07-24,2022-07-30,Trade School,False,7.0,7.333333333333333,,,
2022-07-31,2022-08-06,AI Porn,False,2.0,1.75,,,
2022-07-31,2022-08-06,Best Colleges,False,42.0,42.5,,,
2022-07-31,2022-08-06,Trade School,False,8.0,7.25,,,
2022-08-07,2022-08-13,AI Porn,False,2.0,1.8333333333333333,,,
2022-08-07,2022-08-13,Best Colleges,False,39.0,42.75,,,
2022-08-07,2022-08-13,Trade School,False,7.0,7.083333333333333,,,
2022-08-14,2022-08-20,AI Porn,False,2.0,1.8333333333333333,,,
2022-08-14,2022-08-20,Best Colleges,False,40.0,43.083333333333336,,,
2022-08-14,2022-08-20,Trade School,False,9.0,7.166666666666667,,,
2022-08-21,2022-08-27,AI Porn,False,2.0,1.9166666666666667,,,
2022-08-21,2022-08-27,Best Colleges,False,42.0,43.5,,,
2022-08-21,2022-08-27,Trade School,False,11.0,7.5,,,
2022-08-28,2022-09-03,AI Porn,False,2.0,1.9166666666666667,,,
2022-08-28,2022-09-03,Best Colleges,False,37.0,43.16666666666666,,,
2022-08-28,2022-09-03,Trade School,False,10.0,7.75,,,
2022-09-04,2022-09-10,AI Porn,False,2.0,1.9166666666666667,,,
2022-09-04,2022-09-10,Best Colleges,False,38.0,42.75,,,
2022-09-04,2022-09-10,Trade School,False,9.0,7.916666666666667,,,
2022-09-11,2022-09-17,AI Porn,False,2.0,1.9166666666666667,,,
2022-09-11,2022-09-17,Best Colleges,False,45.0,42.16666666666666,,,
2022-09-11,2022-09-17,Trade School,False,10.0,8.166666666666666,,,
2022-09-18,2022-09-24,AI Porn,False,2.0,1.9166666666666667,,,
2022-09-18,2022-09-24,Best Colleges,False,37.0,41.583333333333336,,,
2022-09-18,2022-09-24,Trade School,False,8.0,8.333333333333334,,,
2022-09-25,2022-10-01,AI Porn,False,2.0,2.0,1.7115384615384617,,
2022-09-25,2022-10-01,Best Colleges,False,32.0,40.75,33.26923076923077,,
2022-09-25,2022-10-01,Trade School,False,8.0,8.416666666666666,8.134615384615385,,
2022-10-02,2022-10-08,AI Porn,False,2.0,2.0,1.7115384615384617,,
2022-10-02,2022-10-08,Best Colleges,False,29.0,39.66666666666666,33.26923076923077,,
2022-10-02,2022-10-08,Trade School,False,9.0,8.583333333333334,8.134615384615385,,
2022-10-09,2022-10-15,AI Porn,False,2.0,2.0,1.7307692307692308,,
2022-10-09,2022-10-15,Best Colleges,False,35.0,38.66666666666666,33.44230769230769,,
2022-10-09,2022-10-15,Trade School,False,8.0,8.666666666666666,8.134615384615385,,
2022-10-16,2022-10-22,AI Porn,False,2.0,2.0,1.7307692307692308,,
2022-10-16,2022-10-22,Best Colleges,False,30.0,37.16666666666666,33.5,,
2022-10-16,2022-10-22,Trade School,False,9.0,8.833333333333334,8.096153846153847,,
2022-10-23,2022-10-29,AI Porn,False,2.0,2.0,1.7307692307692308,,
2022-10-23,2022-10-29,Best Colleges,False,27.0,35.916666666666664,33.51923076923077,,
2022-10-23,2022-10-29,Trade School,False,9.0,8.916666666666666,8.096153846153847,,
2022-10-30,2022-11-05,AI Porn,False,2.0,2.0,1.75,,
2022-10-30,2022-11-05,Best Colleges,False,31.0,35.25,33.65384615384615,,
2022-10-30,2022-11-05,Trade School,False,9.0,9.083333333333334,8.115384615384615,,
2022-11-06,2022-11-12,AI Porn,False,2.0,2.0,1.75,,
2022-11-06,2022-11-12,Best Colleges,False,27.0,34.166666666666664,33.69230769230769,,
2022-11-06,2022-11-12,Trade School,False,9.0,9.083333333333334,8.134615384615385,,
2022-11-13,2022-11-19,AI Porn,False,2.0,2.0,1.7692307692307692,,
2022-11-13,2022-11-19,Best Colleges,False,26.0,32.833333333333336,33.71153846153846,,
2022-11-13,2022-11-19,Trade School,False,10.0,9.0,8.173076923076923,,
2022-11-20,2022-11-26,AI Porn,False,2.0,2.0,1.7692307692307692,,
2022-11-20,2022-11-26,Best Colleges,False,22.0,31.58333333333333,33.71153846153846,,
2022-11-20,2022-11-26,Trade School,False,7.0,8.75,8.192307692307692,,
2022-11-27,2022-12-03,AI Porn,False,2.0,2.0,1.7884615384615383,,
2022-11-27,2022-12-03,Best Colleges,False,25.0,30.5,33.71153846153846,,
2022-11-27,2022-12-03,Trade School,False,8.0,8.666666666666666,8.173076923076923,,
2022-12-04,2022-12-10,AI Porn,False,4.0,2.1666666666666665,1.8269230769230769,,
2022-12-04,2022-12-10,Best Colleges,False,23.0,28.666666666666668,33.73076923076923,,
2022-12-04,2022-12-10,Trade School,False,9.0,8.583333333333334,8.192307692307692,,
2022-12-11,2022-12-17,AI Porn,False,4.0,2.333333333333333,1.8653846153846156,,
2022-12-11,2022-12-17,Best Colleges,False,25.0,27.666666666666668,33.78846153846154,,
2022-12-11,2022-12-17,Trade School,False,8.0,8.583333333333334,8.192307692307692,,
2022-12-18,2022-12-24,AI Porn,False,5.0,2.583333333333333,1.9230769230769231,1.6666666666666667,55.00000000000001
2022-12-18,2022-12-24,Best Colleges,False,24.0,27.0,33.84615384615385,24.5,10.20408163265305
2022-12-18,2022-12-24,Trade School,False,6.0,8.416666666666666,8.192307692307692,8.166666666666666,3.0612244897959107
2022-12-25,2022-12-31,AI Porn,False,4.0,2.75,1.9615384615384612,1.6666666666666667,64.99999999999999
2022-12-25,2022-12-31,Best Colleges,False,25.0,26.666666666666668,33.86538461538461,24.08333333333333,10.726643598615926
2022-12-25,2022-12-31,Trade School,False,6.0,8.166666666666666,8.192307692307692,7.916666666666667,3.157894736842093
2023-01-01,2023-01-07,AI Porn,False,4.0,2.9166666666666665,2.0,1.75,66.66666666666666
2023-01-01,2023-01-07,Best Colleges,False,27.0,26.0,33.84615384615385,24.25,7.216494845360821
2023-01-01,2023-01-07,Trade School,False,8.0,8.166666666666666,8.192307692307692,7.916666666666667,3.157894736842093
2023-01-08,2023-01-14,AI Porn,False,4.0,3.083333333333333,2.0384615384615383,1.75,76.1904761904762
2023-01-08,2023-01-14,Best Colleges,False,27.0,25.75,33.86538461538461,24.166666666666668,6.5517241379310365
2023-01-08,2023-01-14,Trade School,False,9.0,8.166666666666666,8.211538461538462,7.666666666666667,6.521739130434767
2023-01-15,2023-01-21,AI Porn,False,4.0,3.25,2.076923076923077,1.75,85.71428571428572
2023-01-15,2023-01-21,Best Colleges,False,27.0,25.75,33.88461538461539,24.166666666666668,6.5517241379310365
2023-01-15,2023-01-21,Trade School,False,9.0,8.166666666666666,8.23076923076923,7.583333333333333,7.692307692307687
2023-01-22,2023-01-28,AI Porn,False,5.0,3.5,2.1346153846153846,1.8333333333333333,90.90909090909092
2023-01-22,2023-01-28,Best Colleges,False,27.0,25.416666666666668,33.86538461538461,24.5,3.741496598639471
2023-01-22,2023-01-28,Trade School,False,9.0,8.166666666666666,8.23076923076923,7.666666666666667,6.521739130434767
2023-01-29,2023-02-04,AI Porn,False,12.0,4.333333333333333,2.326923076923077,1.8333333333333333,136.36363636363637
2023-01-29,2023-02-04,Best Colleges,False,27.0,25.416666666666668,33.84615384615385,24.75,2.6936026936027035
2023-01-29,2023-02-04,Trade School,False,9.0,8.166666666666666,8.23076923076923,7.75,5.376344086021501
2023-02-05,2023-02-11,AI Porn,False,9.0,4.916666666666667,2.4615384615384617,1.9166666666666667,156.52173913043475
2023-02-05,2023-02-11,Best Colleges,False,27.0,25.5,33.86538461538461,24.83333333333333,2.684563758389258
2023-02-05,2023-02-11,Trade School,False,10.0,8.166666666666666,8.25,7.833333333333333,4.255319148936176
2023-02-12,2023-02-18,AI Porn,False,8.0,5.416666666666667,2.576923076923077,1.9166666666666667,182.60869565217396
2023-02-12,2023-02-18,Best Colleges,False,26.0,25.83333333333333,33.80769230769231,25.416666666666668,1.6393442622950616
2023-02-12,2023-02-18,Trade School,False,8.0,8.25,8.25,8.0,3.125
2023-02-19,2023-02-25,AI Porn,False,8.0,5.916666666666667,2.7115384615384617,1.9166666666666667,208.69565217391303
2023-02-19,2023-02-25,Best Colleges,False,28.0,26.08333333333333,33.78846153846154,25.75,1.2944983818770073
2023-02-19,2023-02-25,Trade School,False,8.0,8.25,8.25,7.916666666666667,4.210526315789465
2023-02-26,2023-03-04,AI Porn,False,8.0,6.25,2.8461538461538463,1.8333333333333333,240.9090909090909
2023-02-26,2023-03-04,Best Colleges,False,29.0,26.58333333333333,33.78846153846154,26.33333333333333,0.9493670886076
2023-02-26,2023-03-04,Trade School,False,9.0,8.25,8.26923076923077,7.916666666666667,4.210526315789465
2023-03-05,2023-03-11,AI Porn,False,8.0,6.583333333333333,2.980769230769231,1.75,276.1904761904762
2023-03-05,2023-03-11,Best Colleges,False,30.0,27.0,33.80769230769231,26.916666666666668,0.3095975232198178
2023-03-05,2023-03-11,Trade School,False,8.0,8.25,8.26923076923077,7.916666666666667,4.210526315789465
2023-03-12,2023-03-18,AI Porn,False,9.0,6.916666666666667,3.1153846153846154,1.75,295.23809523809524
2023-03-12,2023-03-18,Best Colleges,False,30.0,27.5,33.82692307692308,27.58333333333333,-0.3021148036253751
2023-03-12,2023-03-18,Trade School,False,9.0,8.5,8.288461538461538,8.083333333333334,5.154639175257714
2023-03-19,2023-03-25,AI Porn,False,9.0,7.333333333333333,3.269230769230769,1.6666666666666667,339.99999999999994
2023-03-19,2023-03-25,Best Colleges,False,32.0,28.08333333333333,33.78846153846154,28.416666666666668,-1.1730205278592476
2023-03-19,2023-03-25,Trade School,False,9.0,8.75,8.288461538461538,8.333333333333334,4.999999999999982
2023-03-26,2023-04-01,AI Porn,False,10.0,7.833333333333333,3.4423076923076925,1.5833333333333333,394.7368421052632
2023-03-26,2023-04-01,Best Colleges,False,34.0,28.666666666666668,33.75,29.08333333333333,-1.4326647564469883
2023-03-26,2023-04-01,Trade School,False,9.0,8.833333333333334,8.307692307692308,8.333333333333334,6.000000000000005
2023-04-02,2023-04-08,AI Porn,False,11.0,8.416666666666666,3.6346153846153846,1.5,461.1111111111111
2023-04-02,2023-04-08,Best Colleges,False,37.0,29.5,33.80769230769231,29.75,-0.8403361344537785
2023-04-02,2023-04-08,Trade School,False,8.0,8.75,8.307692307692308,8.333333333333334,4.999999999999982
2023-04-09,2023-04-15,AI Porn,False,11.0,9.0,3.807692307692308,1.5,500.0
2023-04-09,2023-04-15,Best Colleges,False,34.0,30.08333333333333,33.76923076923077,30.58333333333333,-1.6348773841961872
2023-04-09,2023-04-15,Trade School,False,8.0,8.666666666666666,8.307692307692308,8.333333333333334,3.999999999999981
2023-04-16,2023-04-22,AI Porn,False,13.0,9.666666666666666,4.019230769230769,1.5,544.4444444444443
2023-04-16,2023-04-22,Best Colleges,False,34.0,30.666666666666668,33.73076923076923,31.25,-1.866666666666661
2023-04-16,2023-04-22,Trade School,False,9.0,8.666666666666666,8.307692307692308,8.333333333333334,3.999999999999981
2023-04-23,2023-04-29,AI Porn,False,13.0,9.75,4.25,1.4166666666666667,588.235294117647
2023-04-23,2023-04-29,Best Colleges,False,37.0,31.5,33.71153846153846,32.083333333333336,-1.81818181818183
2023-04-23,2023-04-29,Trade School,False,9.0,8.666666666666666,8.288461538461538,8.416666666666666,2.970297029702973
2023-04-30,2023-05-06,AI Porn,False,13.0,10.083333333333334,4.461538461538462,1.4166666666666667,611.764705882353
2023-04-30,2023-05-06,Best Colleges,False,38.0,32.416666666666664,33.75,32.916666666666664,-1.518987341772149
2023-04-30,2023-05-06,Trade School,False,9.0,8.583333333333334,8.307692307692308,8.333333333333334,3.0000000000000027
2023-05-07,2023-05-13,AI Porn,False,14.0,10.583333333333334,4.711538461538462,1.3333333333333333,693.7500000000001
2023-05-07,2023-05-13,Best Colleges,False,44.0,33.916666666666664,33.92307692307692,33.416666666666664,1.4962593516209433
2023-05-07,2023-05-13,Trade School,False,9.0,8.666666666666666,8.307692307692308,8.416666666666666,2.970297029702973
2023-05-14,2023-05-20,AI Porn,False,14.0,11.083333333333334,4.961538461538462,1.3333333333333333,731.2500000000002
2023-05-14,2023-05-20,Best Colleges,False,44.0,35.25,34.07692307692308,34.0,3.6764705882353033
2023-05-14,2023-05-20,Trade School,False,9.0,8.75,8.307692307692308,8.5,2.941176470588225
2023-05-21,2023-05-27,AI Porn,False,15.0,11.666666666666666,5.211538461538462,1.4166666666666667,723.5294117647059
2023-05-21,2023-05-27,Best Colleges,False,47.0,36.75,34.28846153846154,34.583333333333336,6.265060240963849
2023-05-21,2023-05-27,Trade School,False,8.0,8.666666666666666,8.307692307692308,8.5,1.9607843137254832
2023-05-28,2023-06-03,AI Porn,False,15.0,12.25,5.480769230769231,1.4166666666666667,764.7058823529411
2023-05-28,2023-06-03,Best Colleges,False,45.0,38.0,34.44230769230769,35.25,7.801418439716312
2023-05-28,2023-06-03,Trade School,False,8.0,8.666666666666666,8.326923076923077,8.416666666666666,2.970297029702973
2023-06-04,2023-06-10,AI Porn,False,15.0,12.75,5.730769230769231,1.4166666666666667,800.0
2023-06-04,2023-06-10,Best Colleges,False,47.0,39.41666666666666,34.55769230769231,36.25,8.735632183908049
2023-06-04,2023-06-10,Trade School,False,9.0,8.666666666666666,8.365384615384615,8.333333333333334,3.999999999999981
2023-06-11,2023-06-17,AI Porn,False,15.0,13.25,5.980769230769231,1.5,783.3333333333334
2023-06-11,2023-06-17,Best Colleges,False,52.0,41.083333333333336,34.73076923076923,37.0,11.036036036036045
2023-06-11,2023-06-17,Trade School,False,8.0,8.583333333333334,8.384615384615385,8.166666666666666,5.102040816326547
2023-06-18,2023-06-24,AI Porn,False,15.0,13.666666666666666,6.230769230769231,1.5833333333333333,763.1578947368421
2023-06-18,2023-06-24,Best Colleges,False,43.0,41.833333333333336,34.55769230769231,38.333333333333336,9.130434782608688
2023-06-18,2023-06-24,Trade School,False,8.0,8.5,8.403846153846153,8.083333333333334,5.154639175257714
2023-06-25,2023-07-01,AI Porn,False,16.0,14.083333333333334,6.5,1.6666666666666667,744.9999999999999
2023-06-25,2023-07-01,Best Colleges,False,39.0,42.0,34.46153846153846,39.16666666666666,7.234042553191489
2023-06-25,2023-07-01,Trade School,False,8.0,8.5,8.442307692307692,7.916666666666667,7.36842105263158
2023-07-02,2023-07-08,AI Porn,False,16.0,14.5,6.788461538461538,1.5833333333333333,815.7894736842106
2023-07-02,2023-07-08,Best Colleges,False,36.0,42.16666666666666,34.34615384615385,39.66666666666666,6.302521008403361
2023-07-02,2023-07-08,Trade School,False,7.0,8.416666666666666,8.442307692307692,7.833333333333333,7.446808510638303
2023-07-09,2023-07-15,AI Porn,False,16.0,14.75,7.057692307692308,1.5833333333333333,831.578947368421
2023-07-09,2023-07-15,Best Colleges,False,34.0,42.16666666666666,34.19230769230769,40.16666666666666,4.9792531120332
2023-07-09,2023-07-15,Trade School,False,8.0,8.333333333333334,8.461538461538462,7.666666666666667,8.695652173913038
2023-07-16,2023-07-22,AI Porn,False,19.0,15.25,7.384615384615385,1.6666666666666667,815.0
2023-07-16,2023-07-22,Best Colleges,False,36.0,42.083333333333336,33.98076923076923,40.91666666666666,2.851323828920571
2023-07-16,2023-07-22,Trade School,False,8.0,8.25,8.48076923076923,7.416666666666667,11.23595505617978
2023-07-23,2023-07-29,AI Porn,False,19.0,15.75,7.711538461538462,1.6666666666666667,844.9999999999999
2023-07-23,2023-07-29,Best Colleges,False,34.0,41.75,33.71153846153846,41.91666666666666,-0.3976143141153021
2023-07-23,2023-07-29,Trade School,False,8.0,8.166666666666666,8.5,7.333333333333333,11.363636363636353
2023-07-30,2023-08-05,AI Porn,False,18.0,16.083333333333332,8.01923076923077,1.75,819.047619047619
2023-07-30,2023-08-05,Best Colleges,False,34.0,40.91666666666666,33.55769230769231,42.5,-3.72549019607844
2023-07-30,2023-08-05,Trade School,False,8.0,8.083333333333334,8.5,7.25,11.494252873563228
2023-08-06,2023-08-12,AI Porn,False,18.0,16.416666666666668,8.326923076923077,1.8333333333333333,795.4545454545455
2023-08-06,2023-08-12,Best Colleges,False,31.0,39.833333333333336,33.40384615384615,42.75,-6.822612085769975
2023-08-06,2023-08-12,Trade School,False,10.0,8.166666666666666,8.557692307692308,7.083333333333333,15.294117647058814
2023-08-13,2023-08-19,AI Porn,False,19.0,16.75,8.653846153846153,1.8333333333333333,813.6363636363636
2023-08-13,2023-08-19,Best Colleges,False,30.0,38.41666666666666,33.21153846153846,43.083333333333336,-10.831721470019351
2023-08-13,2023-08-19,Trade School,False,10.0,8.333333333333334,8.576923076923077,7.166666666666667,16.279069767441868
2023-08-20,2023-08-26,AI Porn,False,16.0,16.833333333333332,8.923076923076923,1.9166666666666667,778.2608695652174
2023-08-20,2023-08-26,Best Colleges,False,30.0,37.16666666666666,32.98076923076923,43.5,-14.559386973180075
2023-08-20,2023-08-26,Trade School,False,12.0,8.666666666666666,8.596153846153847,7.5,15.555555555555545
2023-08-27,2023-09-02,AI Porn,False,15.0,16.833333333333332,9.173076923076923,1.9166666666666667,778.2608695652174
2023-08-27,2023-09-02,Best Colleges,False,28.0,35.583333333333336,32.80769230769231,43.16666666666666,-17.567567567567554
2023-08-27,2023-09-02,Trade School,False,10.0,8.75,8.596153846153847,7.75,12.903225806451625
2023-09-03,2023-09-09,AI Porn,False,15.0,16.833333333333332,9.423076923076923,1.9166666666666667,778.2608695652174
2023-09-03,2023-09-09,Best Colleges,False,31.0,33.833333333333336,32.67307692307692,42.75,-20.85769980506822
2023-09-03,2023-09-09,Trade School,False,10.0,8.916666666666666,8.615384615384615,7.916666666666667,12.631578947368416
2023-09-10,2023-09-16,AI Porn,False,16.0,16.916666666666668,9.692307692307692,1.9166666666666667,782.608695652174
2023-09-10,2023-09-16,Best Colleges,False,29.0,32.666666666666664,32.36538461538461,42.16666666666666,-22.529644268774707
2023-09-10,2023-09-16,Trade School,False,10.0,9.083333333333334,8.615384615384615,8.166666666666666,11.224489795918393
2023-09-17,2023-09-23,AI Porn,False,16.0,16.916666666666668,9.961538461538462,1.9166666666666667,782.608695652174
2023-09-17,2023-09-23,Best Colleges,False,29.0,31.83333333333333,32.21153846153846,41.583333333333336,-23.446893787575164
2023-09-17,2023-09-23,Trade School,False,11.0,9.333333333333334,8.673076923076923,8.333333333333334,11.99999999999999
2023-09-24,2023-09-30,AI Porn,False,17.0,17.0,10.25,2.0,750.0
2023-09-24,2023-09-30,Best Colleges,False,27.0,31.08333333333333,32.11538461538461,40.75,-23.721881390593047
2023-09-24,2023-09-30,Trade School,False,10.0,9.583333333333334,8.711538461538462,8.416666666666666,13.861386138613874
2023-10-01,2023-10-07,AI Porn,False,18.0,17.166666666666668,10.557692307692308,2.0,758.3333333333334
2023-10-01,2023-10-07,Best Colleges,False,25.0,30.33333333333333,32.03846153846154,39.66666666666666,-23.52941176470588
2023-10-01,2023-10-07,Trade School,False,11.0,9.833333333333334,8.75,8.583333333333334,14.563106796116498
2023-10-08,2023-10-14,AI Porn,False,18.0,17.083333333333332,10.865384615384617,2.0,754.1666666666666
2023-10-08,2023-10-14,Best Colleges,False,23.0,29.25,31.807692307692307,38.66666666666666,-24.353448275862068
2023-10-08,2023-10-14,Trade School,False,9.0,9.916666666666666,8.76923076923077,8.666666666666666,14.423076923076916
2023-10-15,2023-10-21,AI Porn,False,19.0,17.083333333333332,11.192307692307692,2.0,754.1666666666666
2023-10-15,2023-10-21,Best Colleges,False,23.0,28.33333333333333,31.673076923076923,37.16666666666666,-23.76681614349776
2023-10-15,2023-10-21,Trade School,False,10.0,10.083333333333334,8.788461538461538,8.833333333333334,14.150943396226424
2023-10-22,2023-10-28,AI Porn,False,18.0,17.083333333333332,11.5,2.0,754.1666666666666
2023-10-22,2023-10-28,Best Colleges,False,22.0,27.33333333333333,31.57692307692308,35.916666666666664,-23.89791183294664
2023-10-22,2023-10-28,Trade School,False,9.0,10.166666666666666,8.788461538461538,8.916666666666666,14.018691588785035
2023-10-29,2023-11-04,AI Porn,False,18.0,17.083333333333332,11.807692307692308,2.0,754.1666666666666
2023-10-29,2023-11-04,Best Colleges,False,23.0,26.666666666666668,31.423076923076923,35.25,-24.34988179669031
2023-10-29,2023-11-04,Trade School,False,9.0,10.083333333333334,8.788461538461538,9.083333333333334,11.009174311926609
2023-11-05,2023-11-11,AI Porn,False,21.0,17.25,12.173076923076923,2.0,762.5
2023-11-05,2023-11-11,Best Colleges,False,22.0,26.0,31.32692307692308,34.166666666666664,-23.902439024390244
2023-11-05,2023-11-11,Trade School,False,9.0,10.0,8.788461538461538,9.083333333333334,10.091743119266038
2023-11-12,2023-11-18,AI Porn,False,21.0,17.666666666666668,12.538461538461538,2.0,783.3333333333334
2023-11-12,2023-11-18,Best Colleges,False,22.0,25.33333333333333,31.25,32.833333333333336,-22.842639593908643
2023-11-12,2023-11-18,Trade School,False,10.0,9.833333333333334,8.788461538461538,9.0,9.259259259259256
2023-11-19,2023-11-25,AI Porn,False,20.0,18.08333333333333,12.884615384615383,2.0,804.1666666666666
2023-11-19,2023-11-25,Best Colleges,False,20.0,24.666666666666668,31.21153846153846,31.58333333333333,-21.899736147757253
2023-11-19,2023-11-25,Trade School,False,7.0,9.583333333333334,8.788461538461538,8.75,9.523809523809534
2023-11-26,2023-12-02,AI Porn,False,20.0,18.5,13.23076923076923,2.0,825.0
2023-11-26,2023-12-02,Best Colleges,False,23.0,24.0,31.173076923076923,30.5,-21.311475409836067
2023-11-26,2023-12-02,Trade School,False,10.0,9.583333333333334,8.826923076923077,8.666666666666666,10.576923076923084
2023-12-03,2023-12-09,AI Porn,False,22.0,19.0,13.576923076923077,2.1666666666666665,776.923076923077
2023-12-03,2023-12-09,Best Colleges,False,23.0,23.5,31.173076923076923,28.666666666666668,-18.023255813953487
2023-12-03,2023-12-09,Trade School,False,10.0,9.583333333333334,8.846153846153847,8.583333333333334,11.6504854368932
2023-12-10,2023-12-16,AI Porn,False,21.0,19.416666666666668,13.903846153846152,2.333333333333333,732.1428571428571
2023-12-10,2023-12-16,Best Colleges,False,23.0,23.0,31.134615384615383,27.666666666666668,-16.867469879518072
2023-12-10,2023-12-16,Trade School,False,10.0,9.5,8.884615384615385,8.583333333333334,10.679611650485432
2023-12-17,2023-12-23,AI Porn,False,23.0,19.916666666666668,14.25,2.583333333333333,670.9677419354839
2023-12-17,2023-12-23,Best Colleges,False,22.0,22.58333333333333,31.096153846153847,27.0,-16.358024691358032
2023-12-17,2023-12-23,Trade School,False,8.0,9.333333333333334,8.923076923076923,8.416666666666666,10.8910891089109
2023-12-24,2023-12-30,AI Porn,False,25.0,20.5,14.653846153846152,2.75,645.4545454545454
2023-12-24,2023-12-30,Best Colleges,False,23.0,22.416666666666668,31.057692307692307,26.666666666666668,-15.937500000000004
2023-12-24,2023-12-30,Trade School,False,7.0,9.0,8.942307692307692,8.166666666666666,10.204081632653072
2023-12-31,2024-01-06,AI Porn,False,24.0,21.0,15.038461538461538,2.9166666666666665,620.0
2023-12-31,2024-01-06,Best Colleges,False,25.0,22.58333333333333,31.01923076923077,26.0,-13.14102564102565
2023-12-31,2024-01-06,Trade School,False,10.0,9.083333333333334,8.98076923076923,8.166666666666666,11.224489795918393
2024-01-07,2024-01-13,AI Porn,False,23.0,21.33333333333333,15.403846153846152,3.083333333333333,591.8918918918919
2024-01-07,2024-01-13,Best Colleges,False,27.0,22.916666666666668,31.01923076923077,25.75,-11.003236245954684
2024-01-07,2024-01-13,Trade School,False,10.0,9.083333333333334,9.0,8.166666666666666,11.224489795918393
2024-01-14,2024-01-20,AI Porn,False,24.0,21.83333333333333,15.788461538461538,3.25,571.7948717948717
2024-01-14,2024-01-20,Best Colleges,False,25.0,23.166666666666668,30.98076923076923,25.75,-10.032362459546915
2024-01-14,2024-01-20,Trade School,False,11.0,9.25,9.038461538461538,8.166666666666666,13.265306122448983
2024-01-21,2024-01-27,AI Porn,False,36.0,23.33333333333333,16.384615384615383,3.5,566.6666666666666
2024-01-21,2024-01-27,Best Colleges,False,27.0,23.5,30.98076923076923,25.416666666666668,-7.540983606557383
2024-01-21,2024-01-27,Trade School,False,12.0,9.5,9.096153846153848,8.166666666666666,16.326530612244916
2024-01-28,2024-02-03,AI Porn,False,39.0,24.83333333333333,16.903846153846153,4.333333333333333,473.0769230769231
2024-01-28,2024-02-03,Best Colleges,False,27.0,23.916666666666668,30.98076923076923,25.416666666666668,-5.9016393442623
2024-01-28,2024-02-03,Trade School,False,13.0,9.833333333333334,9.173076923076923,8.166666666666666,20.408163265306143
2024-02-04,2024-02-10,AI Porn,False,29.0,25.5,17.28846153846154,4.916666666666667,418.6440677966101
2024-02-04,2024-02-10,Best Colleges,False,24.0,24.08333333333333,30.923076923076923,25.5,-5.555555555555558
2024-02-04,2024-02-10,Trade School,False,12.0,10.0,9.211538461538462,8.166666666666666,22.44897959183674
2024-02-11,2024-02-17,AI Porn,False,29.0,26.25,17.692307692307693,5.416666666666667,384.6153846153846
2024-02-11,2024-02-17,Best Colleges,False,24.0,24.416666666666668,30.884615384615383,25.83333333333333,-5.483870967741922
2024-02-11,2024-02-17,Trade School,False,10.0,10.25,9.25,8.25,24.24242424242424
2024-02-18,2024-02-24,AI Porn,False,31.0,27.166666666666668,18.134615384615383,5.916666666666667,359.1549295774648
2024-02-18,2024-02-24,Best Colleges,False,25.0,24.58333333333333,30.82692307692308,26.08333333333333,-5.750798722044726
2024-02-18,2024-02-24,Trade School,False,11.0,10.333333333333334,9.307692307692308,8.25,25.25252525252526
2024-02-25,2024-03-02,AI Porn,False,28.0,27.666666666666668,18.51923076923077,6.25,342.6666666666667
2024-02-25,2024-03-02,Best Colleges,False,26.0,24.83333333333333,30.76923076923077,26.58333333333333,-6.583072100313481
2024-02-25,2024-03-02,Trade School,False,12.0,10.5,9.365384615384617,8.25,27.27272727272727
2024-03-03,2024-03-09,AI Porn,False,28.0,28.25,18.903846153846157,6.583333333333333,329.1139240506329
2024-03-03,2024-03-09,Best Colleges,False,25.0,25.0,30.673076923076923,27.0,-7.4074074074074066
2024-03-03,2024-03-09,Trade School,False,11.0,10.583333333333334,9.423076923076923,8.25,28.282828282828287
2024-03-10,2024-03-16,AI Porn,False,24.0,28.33333333333333,19.192307692307693,6.916666666666667,309.6385542168674
2024-03-10,2024-03-16,Best Colleges,False,25.0,25.25,30.57692307692308,27.5,-8.18181818181818
2024-03-10,2024-03-16,Trade School,False,10.0,10.75,9.442307692307692,8.5,26.470588235294112
2024-03-17,2024-03-23,AI Porn,False,25.0,28.33333333333333,19.5,7.333333333333333,286.3636363636364
2024-03-17,2024-03-23,Best Colleges,False,28.0,25.666666666666668,30.5,28.08333333333333,-8.605341246290799
2024-03-17,2024-03-23,Trade School,False,11.0,11.083333333333334,9.48076923076923,8.75,26.66666666666668
2024-03-24,2024-03-30,AI Porn,False,26.0,28.5,19.807692307692307,7.833333333333333,263.82978723404256
2024-03-24,2024-03-30,Best Colleges,False,31.0,26.166666666666668,30.442307692307693,28.666666666666668,-8.720930232558144
2024-03-24,2024-03-30,Trade School,False,10.0,11.083333333333334,9.5,8.833333333333334,25.47169811320755
2024-03-31,2024-04-06,AI Porn,False,27.0,28.83333333333333,20.115384615384617,8.416666666666666,242.57425742574256
2024-03-31,2024-04-06,Best Colleges,False,31.0,26.5,30.32692307692308,29.5,-10.169491525423725
2024-03-31,2024-04-06,Trade School,False,11.0,11.166666666666666,9.557692307692308,8.75,27.61904761904761
2024-04-07,2024-04-13,AI Porn,False,27.0,29.08333333333333,20.423076923076923,9.0,223.14814814814812
2024-04-07,2024-04-13,Best Colleges,False,27.0,26.666666666666668,30.192307692307693,30.08333333333333,-11.3573407202216
2024-04-07,2024-04-13,Trade School,False,12.0,11.25,9.634615384615383,8.666666666666666,29.807692307692317
2024-04-14,2024-04-20,AI Porn,False,27.0,28.33333333333333,20.692307692307693,9.666666666666666,193.1034482758621
2024-04-14,2024-04-20,Best Colleges,False,27.0,26.666666666666668,30.057692307692307,30.666666666666668,-13.043478260869568
2024-04-14,2024-04-20,Trade School,False,11.0,11.166666666666666,9.673076923076923,8.666666666666666,28.84615384615385
2024-04-21,2024-04-27,AI Porn,False,27.0,27.33333333333333,20.96153846153846,9.75,180.3418803418803
2024-04-21,2024-04-27,Best Colleges,False,31.0,27.0,29.942307692307693,31.5,-14.28571428571429
2024-04-21,2024-04-27,Trade School,False,12.0,11.083333333333334,9.73076923076923,8.666666666666666,27.8846153846154
2024-04-28,2024-05-04,AI Porn,False,28.0,27.25,21.25,10.083333333333334,170.24793388429748
2024-04-28,2024-05-04,Best Colleges,False,31.0,27.58333333333333,29.807692307692307,32.416666666666664,-14.910025706940866
2024-04-28,2024-05-04,Trade School,False,12.0,11.083333333333334,9.788461538461538,8.583333333333334,29.126213592233
2024-05-05,2024-05-11,AI Porn,False,27.0,27.08333333333333,21.5,10.583333333333334,155.90551181102362
2024-05-05,2024-05-11,Best Colleges,False,38.0,28.75,29.692307692307693,33.916666666666664,-15.233415233415226
2024-05-05,2024-05-11,Trade School,False,12.0,11.25,9.846153846153848,8.666666666666666,29.807692307692317
2024-05-12,2024-05-18,AI Porn,False,27.0,26.75,21.75,11.083333333333334,141.3533834586466
2024-05-12,2024-05-18,Best Colleges,False,39.0,29.916666666666668,29.596153846153847,35.25,-15.13002364066194
2024-05-12,2024-05-18,Trade School,False,11.0,11.25,9.884615384615383,8.75,28.57142857142858
2024-05-19,2024-05-25,AI Porn,False,26.0,26.58333333333333,21.96153846153846,11.666666666666666,127.85714285714285
2024-05-19,2024-05-25,Best Colleges,False,35.0,30.666666666666668,29.365384615384617,36.75,-16.55328798185941
2024-05-19,2024-05-25,Trade School,False,11.0,11.166666666666666,9.942307692307692,8.666666666666666,28.84615384615385
2024-05-26,2024-06-01,AI Porn,False,29.0,26.666666666666668,22.23076923076923,12.25,117.687074829932
2024-05-26,2024-06-01,Best Colleges,False,35.0,31.5,29.173076923076923,38.0,-17.105263157894733
2024-05-26,2024-06-01,Trade School,False,11.0,11.166666666666666,10.0,8.666666666666666,28.84615384615385
2024-06-02,2024-06-08,AI Porn,False,28.0,27.0,22.48076923076923,12.75,111.76470588235294
2024-06-02,2024-06-08,Best Colleges,False,34.0,32.25,28.923076923076923,39.41666666666666,-18.181818181818176
2024-06-02,2024-06-08,Trade School,False,11.0,11.25,10.038461538461538,8.666666666666666,29.807692307692317
2024-06-09,2024-06-15,AI Porn,False,30.0,27.416666666666668,22.76923076923077,13.25,106.91823899371072
2024-06-09,2024-06-15,Best Colleges,False,32.0,32.583333333333336,28.53846153846154,41.083333333333336,-20.68965517241379
2024-06-09,2024-06-15,Trade School,False,10.0,11.166666666666666,10.076923076923077,8.583333333333334,30.097087378640765
2024-06-16,2024-06-22,AI Porn,False,29.0,27.666666666666668,23.03846153846154,13.666666666666666,102.4390243902439
2024-06-16,2024-06-22,Best Colleges,False,30.0,32.5,28.28846153846154,41.833333333333336,-22.310756972111555
2024-06-16,2024-06-22,Trade School,False,10.0,11.166666666666666,10.115384615384617,8.5,31.37254901960784
2024-06-23,2024-06-29,AI Porn,False,30.0,27.916666666666668,23.307692307692307,14.083333333333334,98.22485207100593
2024-06-23,2024-06-29,Best Colleges,False,28.0,32.25,28.07692307692308,42.0,-23.214285714285708
2024-06-23,2024-06-29,Trade School,False,10.0,11.083333333333334,10.153846153846152,8.5,30.3921568627451
2024-06-30,2024-07-06,AI Porn,False,31.0,28.25,23.596153846153847,14.5,94.82758620689656
2024-06-30,2024-07-06,Best Colleges,False,26.0,32.166666666666664,27.884615384615383,42.16666666666666,-23.715415019762844
2024-06-30,2024-07-06,Trade School,False,9.0,10.833333333333334,10.192307692307692,8.416666666666666,28.71287128712874
2024-07-07,2024-07-13,AI Porn,False,28.0,28.33333333333333,23.82692307692308,14.75,92.09039548022598
2024-07-07,2024-07-13,Best Colleges,False,27.0,32.166666666666664,27.75,42.16666666666666,-23.715415019762844
2024-07-07,2024-07-13,Trade School,False,13.0,11.0,10.288461538461538,8.333333333333334,31.999999999999982
2024-07-14,2024-07-20,AI Porn,False,30.0,28.58333333333333,24.03846153846154,15.25,87.43169398907102
2024-07-14,2024-07-20,Best Colleges,False,26.0,31.75,27.557692307692307,42.083333333333336,-24.554455445544555
2024-07-14,2024-07-20,Trade School,False,10.0,10.833333333333334,10.326923076923077,8.25,31.313131313131315
2024-07-21,2024-07-27,AI Porn,False,30.0,28.75,24.25,15.75,82.53968253968253
2024-07-21,2024-07-27,Best Colleges,False,26.0,31.33333333333333,27.403846153846157,41.75,-24.950099800399204
2024-07-21,2024-07-27,Trade School,False,11.0,10.75,10.384615384615383,8.166666666666666,31.63265306122449
2024-07-28,2024-08-03,AI Porn,False,30.0,29.0,24.48076923076923,16.083333333333332,80.31088082901556
2024-07-28,2024-08-03,Best Colleges,False,26.0,30.33333333333333,27.25,40.91666666666666,-25.86558044806517
2024-07-28,2024-08-03,Trade School,False,10.0,10.583333333333334,10.423076923076923,8.083333333333334,30.927835051546392
2024-08-04,2024-08-10,AI Porn,False,30.0,29.25,24.71153846153846,16.416666666666668,78.17258883248729
2024-08-04,2024-08-10,Best Colleges,False,25.0,29.166666666666668,27.134615384615383,39.833333333333336,-26.77824267782427
2024-08-04,2024-08-10,Trade School,False,11.0,10.583333333333334,10.442307692307692,8.166666666666666,29.5918367346939
2024-08-11,2024-08-17,AI Porn,False,32.0,29.75,24.96153846153846,16.75,77.61194029850746
2024-08-11,2024-08-17,Best Colleges,False,27.0,28.5,27.07692307692308,38.41666666666666,-25.813449023861168
2024-08-11,2024-08-17,Trade School,False,12.0,10.666666666666666,10.48076923076923,8.333333333333334,27.99999999999998
2024-08-18,2024-08-24,AI Porn,False,32.0,30.0,25.26923076923077,16.833333333333332,78.21782178217822
2024-08-18,2024-08-24,Best Colleges,False,26.0,27.75,27.0,37.16666666666666,-25.336322869955158
2024-08-18,2024-08-24,Trade School,False,12.0,10.75,10.48076923076923,8.666666666666666,24.03846153846154
2024-08-25,2024-08-31,AI Porn,False,32.0,30.33333333333333,25.596153846153847,16.833333333333332,80.19801980198021
2024-08-25,2024-08-31,Best Colleges,False,26.0,27.08333333333333,26.96153846153846,35.583333333333336,-23.88758782201405
2024-08-25,2024-08-31,Trade School,False,12.0,10.833333333333334,10.51923076923077,8.75,23.809523809523814
2024-09-01,2024-09-07,AI Porn,False,32.0,30.5,25.923076923076923,16.833333333333332,81.1881188118812
2024-09-01,2024-09-07,Best Colleges,False,28.0,26.75,26.903846153846157,33.833333333333336,-20.935960591133007
2024-09-01,2024-09-07,Trade School,False,12.0,11.0,10.557692307692308,8.916666666666666,23.364485981308427
2024-09-08,2024-09-14,AI Porn,False,31.0,30.666666666666668,26.21153846153846,16.916666666666668,81.2807881773399
2024-09-08,2024-09-14,Best Colleges,False,25.0,26.33333333333333,26.82692307692308,32.666666666666664,-19.387755102040817
2024-09-08,2024-09-14,Trade School,False,12.0,11.166666666666666,10.596153846153848,9.083333333333334,22.93577981651376
2024-09-15,2024-09-21,AI Porn,False,32.0,30.83333333333333,26.51923076923077,16.916666666666668,82.26600985221673
2024-09-15,2024-09-21,Best Colleges,False,25.0,26.08333333333333,26.75,31.83333333333333,-18.062827225130896
2024-09-15,2024-09-21,Trade School,False,12.0,11.333333333333334,10.615384615384617,9.333333333333334,21.42857142857142
2024-09-22,2024-09-28,AI Porn,False,30.0,30.75,26.76923076923077,17.0,80.88235294117648
2024-09-22,2024-09-28,Best Colleges,False,26.0,26.08333333333333,26.73076923076923,31.08333333333333,-16.0857908847185
2024-09-22,2024-09-28,Trade School,False,12.0,11.583333333333334,10.653846153846152,9.583333333333334,20.86956521739129
2024-09-29,2024-10-05,AI Porn,False,31.0,31.0,27.01923076923077,17.166666666666668,80.58252427184465
2024-09-29,2024-10-05,Best Colleges,False,23.0,25.75,26.692307692307693,30.33333333333333,-15.109890109890111
2024-09-29,2024-10-05,Trade School,False,13.0,11.583333333333334,10.692307692307692,9.833333333333334,17.796610169491522
2024-10-06,2024-10-12,AI Porn,False,32.0,31.166666666666668,27.28846153846154,17.083333333333332,82.43902439024393
2024-10-06,2024-10-12,Best Colleges,False,19.0,25.166666666666668,26.615384615384617,29.25,-13.96011396011395
2024-10-06,2024-10-12,Trade School,False,11.0,11.666666666666666,10.73076923076923,9.916666666666666,17.647058823529417
2024-10-13,2024-10-19,AI Porn,False,34.0,31.5,27.57692307692308,17.083333333333332,84.39024390243904
2024-10-13,2024-10-19,Best Colleges,False,21.0,24.75,26.57692307692308,28.33333333333333,-12.647058823529411
2024-10-13,2024-10-19,Trade School,False,11.0,11.666666666666666,10.75,10.083333333333334,15.702479338842966
2024-10-20,2024-10-26,AI Porn,False,34.0,31.83333333333333,27.884615384615383,17.083333333333332,86.34146341463416
2024-10-20,2024-10-26,Best Colleges,False,20.0,24.25,26.53846153846154,27.33333333333333,-11.280487804878048
2024-10-20,2024-10-26,Trade School,False,12.0,11.833333333333334,10.807692307692308,10.166666666666666,16.393442622950836
2024-10-27,2024-11-02,AI Porn,False,35.0,32.25,28.21153846153846,17.083333333333332,88.78048780487806
2024-10-27,2024-11-02,Best Colleges,False,19.0,23.75,26.46153846153846,26.666666666666668,-10.9375
2024-10-27,2024-11-02,Trade School,False,11.0,11.833333333333334,10.846153846153848,10.083333333333334,17.355371900826455
2024-11-03,2024-11-09,AI Porn,False,35.0,32.5,28.48076923076923,17.25,88.40579710144927
2024-11-03,2024-11-09,Best Colleges,False,19.0,23.08333333333333,26.403846153846157,26.0,-11.217948717948724
2024-11-03,2024-11-09,Trade School,False,12.0,11.833333333333334,10.903846153846152,10.0,18.333333333333336
2024-11-10,2024-11-16,AI Porn,False,36.0,32.833333333333336,28.76923076923077,17.666666666666668,85.84905660377358
2024-11-10,2024-11-16,Best Colleges,False,22.0,22.75,26.403846153846157,25.33333333333333,-10.197368421052634
2024-11-10,2024-11-16,Trade School,False,12.0,11.833333333333334,10.942307692307692,9.833333333333334,20.33898305084745
2024-11-17,2024-11-23,AI Porn,False,36.0,33.166666666666664,29.07692307692308,18.08333333333333,83.41013824884793
2024-11-17,2024-11-23,Best Colleges,False,21.0,22.33333333333333,26.423076923076923,24.666666666666668,-9.459459459459474
2024-11-17,2024-11-23,Trade School,False,12.0,11.833333333333334,11.038461538461538,9.583333333333334,23.47826086956521
2024-11-24,2024-11-30,AI Porn,False,38.0,33.666666666666664,29.423076923076923,18.5,81.98198198198196
2024-11-24,2024-11-30,Best Colleges,False,17.0,21.416666666666668,26.307692307692307,24.0,-10.763888888888884
2024-11-24,2024-11-30,Trade School,False,8.0,11.5,11.0,9.583333333333334,20.0
2024-12-01,2024-12-07,AI Porn,False,37.0,34.166666666666664,29.71153846153846,19.0,79.82456140350875
2024-12-01,2024-12-07,Best Colleges,False,20.0,21.0,26.25,23.5,-10.63829787234043
2024-12-01,2024-12-07,Trade School,False,11.0,11.416666666666666,11.01923076923077,9.583333333333334,19.130434782608678
2024-12-08,2024-12-14,AI Porn,False,40.0,34.833333333333336,30.07692307692308,19.416666666666668,79.3991416309013
2024-12-08,2024-12-14,Best Colleges,False,18.0,20.416666666666668,26.153846153846157,23.0,-11.231884057971008
2024-12-08,2024-12-14,Trade School,False,12.0,11.416666666666666,11.057692307692308,9.5,20.175438596491222
2024-12-15,2024-12-21,AI Porn,False,42.0,35.833333333333336,30.442307692307693,19.916666666666668,79.91631799163179
2024-12-15,2024-12-21,Best Colleges,False,20.0,19.916666666666668,26.115384615384617,22.58333333333333,-11.808118081180808
2024-12-15,2024-12-21,Trade School,False,10.0,11.25,11.096153846153848,9.333333333333334,20.53571428571428
2024-12-22,2024-12-28,AI Porn,False,49.0,37.333333333333336,30.903846153846157,20.5,82.11382113821139
2024-12-22,2024-12-28,Best Colleges,False,18.0,19.5,26.01923076923077,22.416666666666668,-13.011152416356886
2024-12-22,2024-12-28,Trade School,False,7.0,10.75,11.096153846153848,9.0,19.444444444444443
2024-12-29,2025-01-04,AI Porn,False,48.0,38.66666666666666,31.365384615384617,21.0,84.12698412698411
2024-12-29,2025-01-04,Best Colleges,False,19.0,19.5,25.903846153846157,22.58333333333333,-13.653136531365304
2024-12-29,2025-01-04,Trade School,False,10.0,10.666666666666666,11.096153846153848,9.083333333333334,17.431192660550444
2025-01-05,2025-01-11,AI Porn,False,44.0,39.5,31.76923076923077,21.33333333333333,85.15625
2025-01-05,2025-01-11,Best Colleges,False,23.0,19.666666666666668,25.82692307692308,22.916666666666668,-14.181818181818183
2025-01-05,2025-01-11,Trade School,False,13.0,10.833333333333334,11.153846153846152,9.083333333333334,19.266055045871557
2025-01-12,2025-01-18,AI Porn,False,42.0,40.16666666666666,32.11538461538461,21.83333333333333,83.96946564885496
2025-01-12,2025-01-18,Best Colleges,False,23.0,19.916666666666668,25.78846153846154,23.166666666666668,-14.028776978417268
2025-01-12,2025-01-18,Trade School,False,13.0,10.916666666666666,11.192307692307692,9.25,18.01801801801801
2025-01-19,2025-01-25,AI Porn,False,41.0,40.66666666666666,32.21153846153846,23.33333333333333,74.28571428571429
2025-01-19,2025-01-25,Best Colleges,False,22.0,20.166666666666668,25.692307692307693,23.5,-14.184397163120565
2025-01-19,2025-01-25,Trade School,False,13.0,11.083333333333334,11.211538461538462,9.5,16.666666666666675
2025-01-26,2025-02-01,AI Porn,False,41.0,41.16666666666666,32.25,24.83333333333333,65.7718120805369
2025-01-26,2025-02-01,Best Colleges,False,22.0,20.416666666666668,25.596153846153847,23.916666666666668,-14.634146341463415
2025-01-26,2025-02-01,Trade School,False,13.0,11.166666666666666,11.211538461538462,9.833333333333334,13.55932203389829
2025-02-02,2025-02-08,AI Porn,False,44.0,41.833333333333336,32.53846153846154,25.5,64.05228758169936
2025-02-02,2025-02-08,Best Colleges,False,23.0,20.5,25.57692307692308,24.08333333333333,-14.878892733564008
2025-02-02,2025-02-08,Trade School,False,14.0,11.333333333333334,11.25,10.0,13.33333333333333
2025-02-09,2025-02-15,AI Porn,False,43.0,42.41666666666666,32.80769230769231,26.25,61.58730158730157
2025-02-09,2025-02-15,Best Colleges,False,22.0,20.58333333333333,25.53846153846154,24.416666666666668,-15.699658703071684
2025-02-09,2025-02-15,Trade School,False,13.0,11.416666666666666,11.307692307692308,10.25,11.382113821138208
2025-02-16,2025-02-22,AI Porn,False,40.0,42.583333333333336,32.98076923076923,27.166666666666668,56.74846625766872
2025-02-16,2025-02-22,Best Colleges,False,22.0,21.0,25.48076923076923,24.58333333333333,-14.576271186440673
2025-02-16,2025-02-22,Trade School,False,12.0,11.75,11.326923076923077,10.333333333333334,13.709677419354826
2025-02-23,2025-03-01,AI Porn,False,41.0,42.91666666666666,33.23076923076923,27.666666666666668,55.12048192771082
2025-02-23,2025-03-01,Best Colleges,False,22.0,21.166666666666668,25.403846153846157,24.83333333333333,-14.76510067114093
2025-02-23,2025-03-01,Trade School,False,13.0,11.916666666666666,11.346153846153848,10.5,13.492063492063489
2025-03-02,2025-03-08,AI Porn,False,40.0,42.91666666666666,33.46153846153846,28.25,51.91740412979351
2025-03-02,2025-03-08,Best Colleges,False,24.0,21.666666666666668,25.384615384615383,25.0,-13.33333333333333
2025-03-02,2025-03-08,Trade School,False,13.0,12.0,11.384615384615383,10.583333333333334,13.38582677165354
2025-03-09,2025-03-15,AI Porn,False,39.0,42.66666666666666,33.75,28.33333333333333,50.588235294117645
2025-03-09,2025-03-15,Best Colleges,False,23.0,21.916666666666668,25.346153846153847,25.25,-13.201320132013194
2025-03-09,2025-03-15,Trade School,False,12.0,12.166666666666666,11.423076923076923,10.75,13.178294573643411
2025-03-16,2025-03-22,AI Porn,False,41.0,42.0,34.05769230769231,28.33333333333333,48.235294117647065
2025-03-16,2025-03-22,Best Colleges,False,28.0,22.75,25.346153846153847,25.666666666666668,-11.363636363636363
2025-03-16,2025-03-22,Trade School,False,12.0,12.583333333333334,11.442307692307692,11.083333333333334,13.533834586466176
2025-03-23,2025-03-29,AI Porn,False,41.0,41.41666666666666,34.34615384615385,28.5,45.32163742690059
2025-03-23,2025-03-29,Best Colleges,False,28.0,23.5,25.28846153846154,26.166666666666668,-10.19108280254778
2025-03-23,2025-03-29,Trade School,False,12.0,12.75,11.48076923076923,11.083333333333334,15.037593984962406
2025-03-30,2025-04-05,AI Porn,False,48.0,41.75,34.75,28.83333333333333,44.79768786127168
2025-03-30,2025-04-05,Best Colleges,False,29.0,24.0,25.25,26.5,-9.433962264150942
2025-03-30,2025-04-05,Trade School,False,12.0,12.666666666666666,11.5,11.166666666666666,13.432835820895516
2025-04-06,2025-04-12,AI Porn,False,45.0,42.0,35.09615384615385,29.08333333333333,44.412607449856736
2025-04-06,2025-04-12,Best Colleges,False,28.0,24.416666666666668,25.26923076923077,26.666666666666668,-8.437499999999998
2025-04-06,2025-04-12,Trade School,False,13.0,12.666666666666666,11.51923076923077,11.25,12.592592592592576
2025-04-13,2025-04-19,AI Porn,False,45.0,42.333333333333336,35.44230769230769,28.33333333333333,49.411764705882376
2025-04-13,2025-04-19,Best Colleges,False,29.0,25.0,25.307692307692307,26.666666666666668,-6.25
2025-04-13,2025-04-19,Trade School,False,13.0,12.666666666666666,11.557692307692308,11.166666666666666,13.432835820895516
2025-04-20,2025-04-26,AI Porn,False,48.0,42.91666666666666,35.84615384615385,27.33333333333333,57.012195121951216
2025-04-20,2025-04-26,Best Colleges,False,31.0,25.75,25.307692307692307,27.0,-4.629629629629628
2025-04-20,2025-04-26,Trade School,False,13.0,12.666666666666666,11.576923076923077,11.083333333333334,14.28571428571428
2025-04-27,2025-05-03,AI Porn,False,44.0,42.91666666666666,36.15384615384615,27.25,57.49235474006116
2025-04-27,2025-05-03,Best Colleges,False,31.0,26.416666666666668,25.307692307692307,27.58333333333333,-4.229607250755274
2025-04-27,2025-05-03,Trade School,False,13.0,12.583333333333334,11.596153846153848,11.083333333333334,13.533834586466176
2025-05-04,2025-05-10,AI Porn,False,43.0,42.91666666666666,36.46153846153846,27.08333333333333,58.46153846153845
2025-05-04,2025-05-10,Best Colleges,False,34.0,27.416666666666668,25.23076923076923,28.75,-4.637681159420282
2025-05-04,2025-05-10,Trade School,False,14.0,12.666666666666666,11.634615384615383,11.25,12.592592592592576
2025-05-11,2025-05-17,AI Porn,False,43.0,43.16666666666666,36.76923076923077,26.75,61.37071651090342
2025-05-11,2025-05-17,Best Colleges,False,39.0,28.83333333333333,25.23076923076923,29.916666666666668,-3.621169916434552
2025-05-11,2025-05-17,Trade School,False,13.0,12.75,11.673076923076923,11.25,13.33333333333333
2025-05-18,2025-05-24,AI Porn,False,46.0,43.583333333333336,37.15384615384615,26.58333333333333,63.94984326018811
2025-05-18,2025-05-24,Best Colleges,False,37.0,30.08333333333333,25.26923076923077,30.666666666666668,-1.9021739130434807
2025-05-18,2025-05-24,Trade School,False,13.0,12.75,11.711538461538462,11.166666666666666,14.179104477611949
2025-05-25,2025-05-31,AI Porn,False,53.0,44.66666666666666,37.61538461538461,26.666666666666668,67.49999999999999
2025-05-25,2025-05-31,Best Colleges,False,38.0,31.25,25.32692307692308,31.5,-0.7936507936507908
2025-05-25,2025-05-31,Trade School,False,13.0,12.75,11.75,11.166666666666666,14.179104477611949
2025-06-01,2025-06-07,AI Porn,False,57.0,46.16666666666666,38.17307692307692,27.0,70.98765432098763
2025-06-01,2025-06-07,Best Colleges,False,33.0,32.083333333333336,25.307692307692307,32.25,-0.5167958656330685
2025-06-01,2025-06-07,Trade School,False,14.0,12.916666666666666,11.807692307692308,11.25,14.814814814814811
2025-06-08,2025-06-14,AI Porn,False,60.0,47.75,38.75,27.416666666666668,74.16413373860182
2025-06-08,2025-06-14,Best Colleges,False,33.0,32.5,25.32692307692308,32.583333333333336,-0.2557544757033292
2025-06-08,2025-06-14,Trade School,False,13.0,13.0,11.865384615384617,11.166666666666666,16.417910447761198
2025-06-15,2025-06-21,AI Porn,False,57.0,49.083333333333336,39.28846153846154,27.666666666666668,77.40963855421687
2025-06-15,2025-06-21,Best Colleges,False,36.0,33.166666666666664,25.442307692307693,32.5,2.051282051282044
2025-06-15,2025-06-21,Trade School,False,12.0,13.0,11.903846153846152,11.166666666666666,16.417910447761198
2025-06-22,2025-06-28,AI Porn,False,56.0,49.75,39.78846153846154,27.916666666666668,78.20895522388058
2025-06-22,2025-06-28,Best Colleges,False,32.0,33.416666666666664,25.51923076923077,32.25,3.617571059431524
2025-06-22,2025-06-28,Trade School,False,12.0,13.0,11.942307692307692,11.083333333333334,17.29323308270676
2025-06-29,2025-07-05,AI Porn,False,59.0,50.91666666666666,40.32692307692308,28.25,80.23598820058997
2025-06-29,2025-07-05,Best Colleges,False,31.0,33.666666666666664,25.615384615384617,32.166666666666664,4.663212435233155
2025-06-29,2025-07-05,Trade School,False,11.0,12.833333333333334,11.98076923076923,10.833333333333334,18.461538461538463
2025-07-06,2025-07-12,AI Porn,False,56.0,51.833333333333336,40.86538461538461,28.33333333333333,82.94117647058825
2025-07-06,2025-07-12,Best Colleges,False,31.0,33.833333333333336,25.692307692307693,32.166666666666664,5.181347150259086
2025-07-06,2025-07-12,Trade School,False,12.0,12.75,11.961538461538462,11.0,15.909090909090915
2025-07-13,2025-07-19,AI Porn,False,56.0,52.5,41.36538461538461,28.58333333333333,83.6734693877551
2025-07-13,2025-07-19,Best Colleges,False,31.0,33.833333333333336,25.78846153846154,31.75,6.561679790026265
2025-07-13,2025-07-19,Trade School,False,14.0,12.833333333333334,12.038461538461538,10.833333333333334,18.461538461538463
2025-07-20,2025-07-26,AI Porn,False,57.0,53.583333333333336,41.88461538461539,28.75,86.37681159420289
2025-07-20,2025-07-26,Best Colleges,False,33.0,34.0,25.923076923076923,31.33333333333333,8.510638297872353
2025-07-20,2025-07-26,Trade School,False,15.0,13.0,12.115384615384617,10.75,20.93023255813953
2025-07-27,2025-08-02,AI Porn,False,58.0,54.833333333333336,42.42307692307692,29.0,89.08045977011496
2025-07-27,2025-08-02,Best Colleges,False,33.0,33.916666666666664,26.057692307692307,30.33333333333333,11.813186813186816
2025-07-27,2025-08-02,Trade School,False,19.0,13.416666666666666,12.288461538461538,10.583333333333334,26.77165354330708
2025-08-03,2025-08-09,AI Porn,False,60.0,56.25,43.0,29.25,92.3076923076923
2025-08-03,2025-08-09,Best Colleges,False,35.0,33.583333333333336,26.25,29.166666666666668,15.142857142857146
2025-08-03,2025-08-09,Trade School,False,27.0,14.583333333333334,12.596153846153848,10.583333333333334,37.79527559055118
2025-08-10,2025-08-16,AI Porn,False,57.0,57.16666666666666,43.48076923076923,29.75,92.15686274509802
2025-08-10,2025-08-16,Best Colleges,False,37.0,33.583333333333336,26.442307692307693,28.5,17.836257309941537
2025-08-10,2025-08-16,Trade School,False,33.0,16.25,13.0,10.666666666666666,52.34375
2025-08-17,2025-08-23,AI Porn,False,60.0,57.75,44.01923076923077,30.0,92.5
2025-08-17,2025-08-23,Best Colleges,False,39.0,33.666666666666664,26.692307692307693,27.75,21.32132132132132
2025-08-17,2025-08-23,Trade School,False,32.0,17.833333333333332,13.384615384615383,10.75,65.89147286821704
2025-08-24,2025-08-30,AI Porn,False,60.0,58.0,44.55769230769231,30.33333333333333,91.2087912087912
2025-08-24,2025-08-30,Best Colleges,False,37.0,34.0,26.903846153846157,27.08333333333333,25.538461538461554
2025-08-24,2025-08-30,Trade School,False,31.0,19.25,13.75,10.833333333333334,77.69230769230768
2025-08-31,2025-09-06,AI Porn,False,58.0,57.833333333333336,45.05769230769231,30.5,89.61748633879782
2025-08-31,2025-09-06,Best Colleges,False,39.0,34.5,27.115384615384617,26.75,28.971962616822424
2025-08-31,2025-09-06,Trade School,False,30.0,20.666666666666668,14.096153846153848,11.0,87.87878787878789
2025-09-07,2025-09-13,AI Porn,False,56.0,57.75,45.53846153846154,30.666666666666668,88.31521739130434
2025-09-07,2025-09-13,Best Colleges,False,41.0,34.916666666666664,27.423076923076923,26.33333333333333,32.59493670886076
2025-09-07,2025-09-13,Trade School,False,31.0,22.25,14.461538461538462,11.166666666666666,99.2537313432836
2025-09-14,2025-09-20,AI Porn,False,58.0,57.91666666666666,46.03846153846154,30.83333333333333,87.83783783783782
2025-09-14,2025-09-20,Best Colleges,False,36.0,35.25,27.634615384615383,26.08333333333333,35.14376996805113
2025-09-14,2025-09-20,Trade School,False,28.0,23.58333333333333,14.76923076923077,11.333333333333334,108.08823529411762
2025-09-21,2025-09-27,AI Porn,False,62.0,58.16666666666666,46.65384615384615,30.75,89.15989159891598
2025-09-21,2025-09-27,Best Colleges,False,40.0,36.0,27.903846153846157,26.08333333333333,38.0191693290735
2025-09-21,2025-09-27,Trade School,False,30.0,25.166666666666668,15.115384615384617,11.583333333333334,117.26618705035968
2025-09-28,2025-10-04,AI Porn,False,64.0,58.833333333333336,47.28846153846154,31.0,89.78494623655915
2025-09-28,2025-10-04,Best Colleges,False,35.0,36.333333333333336,28.134615384615383,25.75,41.10032362459548
2025-09-28,2025-10-04,Trade School,False,31.0,26.75,15.461538461538462,11.583333333333334,130.93525179856113
2025-10-05,2025-10-11,AI Porn,False,69.0,59.91666666666666,48.0,31.166666666666668,92.24598930481282
2025-10-05,2025-10-11,Best Colleges,False,30.0,36.25,28.346153846153847,25.166666666666668,44.03973509933774
2025-10-05,2025-10-11,Trade School,False,27.0,27.83333333333333,15.76923076923077,11.666666666666666,138.57142857142856
2025-10-12,2025-10-18,AI Porn,False,70.0,61.0,48.69230769230769,31.5,93.65079365079364
2025-10-12,2025-10-18,Best Colleges,False,30.0,36.0,28.51923076923077,24.75,45.45454545454546
2025-10-12,2025-10-18,Trade School,False,28.0,28.916666666666668,16.096153846153847,11.666666666666666,147.85714285714286
2025-10-19,2025-10-25,AI Porn,False,68.0,61.833333333333336,49.34615384615385,31.83333333333333,94.24083769633508
2025-10-19,2025-10-25,Best Colleges,False,26.0,35.416666666666664,28.634615384615383,24.25,46.04810996563573
2025-10-19,2025-10-25,Trade School,False,26.0,29.5,16.365384615384617,11.833333333333334,149.2957746478873
2025-10-26,2025-11-01,AI Porn,False,67.0,62.41666666666666,49.96153846153846,32.25,93.54005167958655
2025-10-26,2025-11-01,Best Colleges,False,26.0,34.666666666666664,28.76923076923077,23.75,45.96491228070174
2025-10-26,2025-11-01,Trade School,False,25.0,29.33333333333333,16.634615384615383,11.833333333333334,147.88732394366195
2025-11-02,2025-11-08,AI Porn,False,63.0,62.91666666666666,50.5,32.5,93.5897435897436
2025-11-02,2025-11-08,Best Colleges,False,26.0,33.75,28.903846153846157,23.08333333333333,46.20938628158846
2025-11-02,2025-11-08,Trade School,False,26.0,28.75,16.903846153846153,11.833333333333334,142.95774647887325
2025-11-09,2025-11-15,AI Porn,False,66.0,63.41666666666666,51.07692307692308,32.833333333333336,93.1472081218274
2025-11-09,2025-11-15,Best Colleges,False,27.0,32.75,29.0,22.75,43.95604395604396
2025-11-09,2025-11-15,Trade School,False,25.0,28.166666666666668,17.153846153846153,11.833333333333334,138.0281690140845
2025-11-16,2025-11-22,AI Porn,False,66.0,63.91666666666666,51.65384615384615,33.166666666666664,92.71356783919596
2025-11-16,2025-11-22,Best Colleges,False,29.0,32.083333333333336,29.153846153846157,22.33333333333333,43.65671641791047
2025-11-16,2025-11-22,Trade School,False,30.0,28.08333333333333,17.5,11.833333333333334,137.3239436619718
2025-11-23,2025-11-29,AI Porn,False,66.0,64.58333333333333,52.19230769230769,33.666666666666664,91.83168316831684
2025-11-23,2025-11-29,Best Colleges,False,32.0,31.5,29.442307692307693,21.416666666666668,47.0817120622568
2025-11-23,2025-11-29,Trade School,False,29.0,28.0,17.903846153846153,11.5,143.47826086956525
2025-11-30,2025-12-06,AI Porn,False,64.0,65.25,52.71153846153846,34.166666666666664,90.97560975609755
2025-11-30,2025-12-06,Best Colleges,False,41.0,31.5,29.846153846153847,21.0,50.0
2025-11-30,2025-12-06,Trade School,False,38.0,28.58333333333333,18.423076923076923,11.416666666666666,150.36496350364965
2025-12-07,2025-12-13,AI Porn,False,66.0,65.91666666666667,53.21153846153846,34.833333333333336,89.23444976076556
2025-12-07,2025-12-13,Best Colleges,False,38.0,31.666666666666668,30.23076923076923,20.416666666666668,55.10204081632652
2025-12-07,2025-12-13,Trade School,False,31.0,28.83333333333333,18.78846153846154,11.416666666666666,152.55474452554748
2025-12-14,2025-12-20,AI Porn,False,67.0,66.33333333333333,53.69230769230769,35.833333333333336,85.11627906976742
2025-12-14,2025-12-20,Best Colleges,False,39.0,31.58333333333333,30.596153846153847,19.916666666666668,58.57740585774056
2025-12-14,2025-12-20,Trade School,False,29.0,28.75,19.153846153846157,11.25,155.55555555555554
2025-12-21,2025-12-27,AI Porn,False,74.0,67.16666666666667,54.17307692307692,37.333333333333336,79.91071428571428
2025-12-21,2025-12-27,Best Colleges,False,31.0,31.25,30.846153846153847,19.5,60.25641025641026
2025-12-21,2025-12-27,Trade School,False,15.0,27.416666666666668,19.307692307692307,10.75,155.0387596899225
2025-12-28,2026-01-03,AI Porn,False,82.0,68.25,54.82692307692308,38.66666666666666,76.50862068965519
2025-12-28,2026-01-03,Best Colleges,False,33.0,31.5,31.115384615384617,19.5,61.53846153846154
2025-12-28,2026-01-03,Trade School,False,16.0,26.5,19.423076923076923,10.666666666666666,148.4375
2026-01-04,2026-01-10,AI Porn,False,81.0,69.16666666666667,55.53846153846154,39.5,75.10548523206752
2026-01-04,2026-01-10,Best Colleges,False,39.0,32.25,31.423076923076923,19.666666666666668,63.98305084745761
2026-01-04,2026-01-10,Trade School,False,27.0,26.416666666666668,19.692307692307693,10.833333333333334,143.8461538461538
2026-01-11,2026-01-17,AI Porn,False,74.0,69.66666666666667,56.15384615384615,40.16666666666666,73.44398340248965
2026-01-11,2026-01-17,Best Colleges,False,46.0,33.916666666666664,31.865384615384617,19.916666666666668,70.29288702928869
2026-01-11,2026-01-17,Trade School,False,31.0,26.83333333333333,20.03846153846154,10.916666666666666,145.80152671755724
2026-01-18,2026-01-24,AI Porn,False,66.0,69.58333333333333,56.63461538461539,40.66666666666666,71.10655737704919
2026-01-18,2026-01-24,Best Colleges,False,46.0,35.583333333333336,32.32692307692308,20.166666666666668,76.44628099173553
2026-01-18,2026-01-24,Trade School,False,36.0,27.75,20.48076923076923,11.083333333333334,150.37593984962405
2026-01-25,2026-01-31,AI Porn,False,70.0,70.16666666666667,57.19230769230769,41.16666666666666,70.44534412955468
2026-01-25,2026-01-31,Best Colleges,False,58.0,38.25,33.01923076923077,20.416666666666668,87.34693877551018
2026-01-25,2026-01-31,Trade School,False,41.0,29.0,21.01923076923077,11.166666666666666,159.7014925373134
2026-02-01,2026-02-07,AI Porn,False,67.0,70.25,57.63461538461539,41.833333333333336,67.92828685258962
2026-02-01,2026-02-07,Best Colleges,False,62.0,41.16666666666666,33.76923076923077,20.5,100.81300813008129
2026-02-01,2026-02-07,Trade School,False,49.0,31.0,21.692307692307693,11.333333333333334,173.52941176470588
2026-02-08,2026-02-14,AI Porn,False,66.0,70.25,58.07692307692308,42.41666666666666,65.61886051080552
2026-02-08,2026-02-14,Best Colleges,False,63.0,44.0,34.55769230769231,20.58333333333333,113.76518218623484
2026-02-08,2026-02-14,Trade School,False,35.0,31.416666666666668,22.115384615384617,11.416666666666666,175.18248175182484
2026-02-15,2026-02-21,AI Porn,False,70.0,70.58333333333333,58.65384615384615,42.583333333333336,65.75342465753423
2026-02-15,2026-02-21,Best Colleges,False,76.0,47.66666666666666,35.59615384615385,21.0,126.98412698412696
2026-02-15,2026-02-21,Trade School,False,39.0,32.25,22.634615384615383,11.75,174.468085106383
2026-02-22,2026-02-28,AI Porn,False,68.0,70.91666666666667,59.17307692307692,42.91666666666666,65.24271844660197
2026-02-22,2026-02-28,Best Colleges,False,56.0,48.91666666666666,36.25,21.166666666666668,131.1023622047244
2026-02-22,2026-02-28,Trade School,False,48.0,33.083333333333336,23.307692307692307,11.916666666666666,177.62237762237766
2026-03-01,2026-03-07,AI Porn,False,76.0,71.75,59.86538461538461,42.91666666666666,67.18446601941747
2026-03-01,2026-03-07,Best Colleges,False,37.0,48.833333333333336,36.5,21.666666666666668,125.3846153846154
2026-03-01,2026-03-07,Trade School,False,36.0,33.5,23.75,12.0,179.16666666666666
2026-03-08,2026-03-14,AI Porn,False,79.0,72.75,60.63461538461539,42.66666666666666,70.5078125
2026-03-08,2026-03-14,Best Colleges,False,36.0,48.583333333333336,36.75,21.916666666666668,121.6730038022814
2026-03-08,2026-03-14,Trade School,False,32.0,33.75,24.134615384615383,12.166666666666666,177.39726027397262
2026-03-15,2026-03-21,AI Porn,False,71.0,72.5,61.21153846153846,42.0,72.61904761904762
2026-03-15,2026-03-21,Best Colleges,False,39.0,49.25,36.96153846153846,22.75,116.48351648351648
2026-03-15,2026-03-21,Trade School,False,32.0,35.166666666666664,24.51923076923077,12.583333333333334,179.47019867549665
2026-03-22,2026-03-28,AI Porn,False,77.0,72.08333333333333,61.90384615384615,41.41666666666666,74.04426559356136
2026-03-22,2026-03-28,Best Colleges,False,42.0,50.0,37.23076923076923,23.5,112.7659574468085
2026-03-22,2026-03-28,Trade School,False,32.0,36.5,24.903846153846157,12.75,186.2745098039216
2026-03-29,2026-04-04,AI Porn,False,75.0,71.58333333333333,62.42307692307692,41.75,71.4570858283433
2026-03-29,2026-04-04,Best Colleges,False,47.0,50.66666666666666,37.57692307692308,24.0,111.11111111111111
2026-03-29,2026-04-04,Trade School,False,31.0,36.833333333333336,25.26923076923077,12.666666666666666,190.78947368421055
2026-04-05,2026-04-11,AI Porn,False,73.0,71.5,62.96153846153846,42.0,70.23809523809523
2026-04-05,2026-04-11,Best Colleges,False,50.0,51.0,38.0,24.416666666666668,108.87372013651876
2026-04-05,2026-04-11,Trade School,False,33.0,37.0,25.653846153846157,12.666666666666666,192.10526315789477
2026-04-12,2026-04-18,AI Porn,False,78.0,72.5,63.59615384615385,42.333333333333336,71.25984251968502
2026-04-12,2026-04-18,Best Colleges,False,50.0,51.333333333333336,38.40384615384615,25.0,105.33333333333331
2026-04-12,2026-04-18,Trade School,False,35.0,36.91666666666666,26.07692307692308,12.666666666666666,191.4473684210526
2026-04-19,2026-04-25,AI Porn,False,67.0,72.25,63.96153846153846,42.91666666666666,68.34951456310681
2026-04-19,2026-04-25,Best Colleges,False,45.0,50.25,38.67307692307692,25.75,95.14563106796116
2026-04-19,2026-04-25,Trade School,False,34.0,36.333333333333336,26.48076923076923,12.666666666666666,186.84210526315792
2026-04-26,2026-05-02,AI Porn,False,77.0,73.08333333333333,64.59615384615384,42.91666666666666,70.29126213592234
2026-04-26,2026-05-02,Best Colleges,False,51.0,49.333333333333336,39.05769230769231,26.416666666666668,86.75078864353311
2026-04-26,2026-05-02,Trade School,False,37.0,35.333333333333336,26.942307692307693,12.583333333333334,180.79470198675497
2026-05-03,2026-05-09,AI Porn,False,80.0,74.25,65.3076923076923,42.91666666666666,73.00970873786407
2026-05-03,2026-05-09,Best Colleges,False,65.0,49.5,39.65384615384615,27.416666666666668,80.54711246200608
2026-05-03,2026-05-09,Trade School,False,49.0,36.5,27.615384615384617,12.666666666666666,188.1578947368421
2026-05-10,2026-05-16,AI Porn,False,81.0,75.16666666666667,66.03846153846153,43.16666666666666,74.13127413127415
2026-05-10,2026-05-16,Best Colleges,False,71.0,49.083333333333336,40.26923076923077,28.83333333333333,70.23121387283237
2026-05-10,2026-05-16,Trade School,False,53.0,37.66666666666666,28.384615384615383,12.75,195.4248366013072
2026-05-17,2026-05-23,AI Porn,False,82.0,76.33333333333333,66.73076923076923,43.583333333333336,75.14340344168258
2026-05-17,2026-05-23,Best Colleges,False,61.0,49.5,40.73076923076923,30.08333333333333,64.54293628808865
2026-05-17,2026-05-23,Trade School,False,39.0,36.91666666666666,28.884615384615383,12.75,189.5424836601307
2026-05-24,2026-05-30,AI Porn,False,80.0,76.66666666666667,67.25,44.66666666666666,71.64179104477614
2026-05-24,2026-05-30,Best Colleges,False,58.0,51.25,41.11538461538461,31.25,63.99999999999999
2026-05-24,2026-05-30,Trade School,False,39.0,37.16666666666666,29.384615384615383,12.75,191.5032679738562
2026-05-31,2026-06-06,AI Porn,False,85.0,77.16666666666667,67.78846153846153,46.16666666666666,67.14801444043323
2026-05-31,2026-06-06,Best Colleges,False,63.0,53.5,41.69230769230769,32.083333333333336,66.75324675324674
2026-05-31,2026-06-06,Trade School,False,40.0,37.833333333333336,29.884615384615383,12.916666666666666,192.9032258064516
2026-06-07,2026-06-13,AI Porn,False,75.0,77.5,68.07692307692308,47.75,62.30366492146597
2026-06-07,2026-06-13,Best Colleges,False,55.0,54.833333333333336,42.11538461538461,32.5,68.71794871794872
2026-06-07,2026-06-13,Trade School,False,37.0,38.25,30.346153846153847,13.0,194.23076923076923
2026-06-14,2026-06-20,AI Porn,False,79.0,77.66666666666667,68.5,49.083333333333336,58.23429541595926
2026-06-14,2026-06-20,Best Colleges,False,61.0,56.41666666666666,42.59615384615385,33.166666666666664,70.10050251256281
2026-06-14,2026-06-20,Trade School,False,41.0,39.0,30.903846153846157,13.0,200.0
2026-06-21,2026-06-27,AI Porn,False,80.0,78.08333333333333,68.96153846153847,49.75,56.95142378559464
2026-06-21,2026-06-27,Best Colleges,False,61.0,57.583333333333336,43.15384615384615,33.416666666666664,72.31920199501249
2026-06-21,2026-06-27,Trade School,False,42.0,39.91666666666666,31.48076923076923,13.0,207.051282051282
2026-06-28,2026-07-04,AI Porn,False,74.0,78.16666666666667,69.25,50.91666666666666,53.518821603928
2026-06-28,2026-07-04,Best Colleges,False,45.0,57.16666666666666,43.42307692307692,33.666666666666664,69.80198019801979
2026-06-28,2026-07-04,Trade School,False,32.0,39.833333333333336,31.884615384615383,12.833333333333334,210.3896103896104
2026-07-05,2026-07-11,AI Porn,False,83.0,78.58333333333333,69.76923076923077,51.833333333333336,51.60771704180063
2026-07-05,2026-07-11,Best Colleges,False,45.0,56.75,43.69230769230769,33.833333333333336,67.73399014778323
2026-07-05,2026-07-11,Trade School,False,31.0,39.5,32.25,12.75,209.80392156862743
2026-07-12,2026-07-18,AI Porn,False,81.0,79.75,70.25,52.5,51.9047619047619
2026-07-12,2026-07-18,Best Colleges,False,39.0,56.25,43.84615384615385,33.833333333333336,66.25615763546797
2026-07-12,2026-07-18,Trade School,False,25.0,38.75,32.46153846153846,12.833333333333334,201.94805194805195
2026-07-19,2026-07-25,AI Porn,False,78.0,79.83333333333333,70.65384615384616,53.583333333333336,48.98911353032658
2026-07-19,2026-07-25,Best Colleges,False,41.0,55.41666666666666,44.0,34.0,62.99019607843137
2026-07-19,2026-07-25,Trade School,False,31.0,38.25,32.76923076923077,13.0,194.23076923076923
2026-07-26,2026-08-01,AI Porn,False,80.0,79.83333333333333,71.07692307692308,54.833333333333336,45.59270516717324
2026-07-26,2026-08-01,Best Colleges,False,53.0,54.41666666666666,44.38461538461539,33.916666666666664,60.44226044226044
2026-07-26,2026-08-01,Trade School,False,29.0,36.583333333333336,32.96153846153846,13.416666666666666,172.6708074534162
2026-08-02,2026-08-08,AI Porn,False,81.0,79.83333333333333,71.48076923076923,56.25,41.92592592592592
2026-08-02,2026-08-08,Best Colleges,False,48.0,52.5,44.63461538461539,33.583333333333336,56.3275434243176
2026-08-02,2026-08-08,Trade School,False,29.0,34.583333333333336,33.0,14.583333333333334,137.14285714285714
2026-08-09,2026-08-15,AI Porn,False,80.0,79.66666666666667,71.92307692307692,57.16666666666666,39.3586005830904
2026-08-09,2026-08-15,Best Colleges,False,44.0,51.083333333333336,44.76923076923077,33.583333333333336,52.10918114143921
2026-08-09,2026-08-15,Trade School,False,29.0,33.75,32.92307692307692,16.25,107.69230769230772
2026-08-16,2026-08-22,AI Porn,False,87.0,80.25,72.4423076923077,57.75,38.96103896103895
2026-08-16,2026-08-22,Best Colleges,False,38.0,49.41666666666666,44.75,33.666666666666664,46.78217821782178
2026-08-16,2026-08-22,Trade School,False,24.0,32.5,32.76923076923077,17.833333333333332,82.24299065420561
2026-08-23,2026-08-29,AI Porn,False,86.0,80.33333333333333,72.9423076923077,58.0,38.50574712643677
2026-08-23,2026-08-29,Best Colleges,False,34.0,47.0,44.69230769230769,34.0,38.23529411764706
2026-08-23,2026-08-29,Trade School,False,32.0,31.83333333333333,32.78846153846154,19.25,65.36796536796537
2026-08-30,2026-09-05,AI Porn,False,100.0,82.41666666666667,73.75,57.833333333333336,42.50720461095101
2026-08-30,2026-09-05,Best Colleges,False,52.0,46.75,44.94230769230769,34.5,35.507246376811594
2026-08-30,2026-09-05,Trade School,False,32.0,31.416666666666668,32.82692307692308,20.666666666666668,52.01612903225805
2026-09-06,2026-09-12,AI Porn,False,95.0,83.75,74.5,57.75,45.02164502164503
2026-09-06,2026-09-12,Best Colleges,False,45.0,45.41666666666666,45.01923076923077,34.916666666666664,30.071599045346066
2026-09-06,2026-09-12,Trade School,False,34.0,30.83333333333333,32.88461538461539,22.25,38.57677902621723
2026-09-13,2026-09-19,AI Porn,False,99.0,85.33333333333333,75.28846153846153,57.91666666666666,47.33812949640288
2026-09-13,2026-09-19,Best Colleges,False,54.0,44.833333333333336,45.36538461538461,35.25,27.186761229314428
2026-09-13,2026-09-19,Trade School,False,37.0,30.416666666666668,33.05769230769231,23.58333333333333,28.97526501766785
2026-09-20,2026-09-26,AI Porn,False,100.0,87.5,76.01923076923077,58.16666666666666,50.42979942693411
2026-09-20,2026-09-26,Best Colleges,False,32.0,43.75,45.21153846153846,36.0,21.527777777777768
2026-09-20,2026-09-26,Trade School,False,24.0,29.75,32.94230769230769,25.166666666666668,18.21192052980132
2026-09-27,2026-10-03,AI Porn,True,,,,58.833333333333336,
2026-09-27,2026-10-03,Best Colleges,True,,,,36.333333333333336,
2026-09-27,2026-10-03,Trade School,True,,,,26.75,
