date,spx_best_pe_ratio,vclt_yas_bond_yield_pct,spx_forward_earnings_yield_pct,spx_earnings_yield_minus_vclt_pct_points
2004-01-03,19.9607,,5.009844344136228,
2004-02-03,20.2419,,4.940247704019879,
2004-03-03,18.0903,,5.527824303632333,
2004-04-03,17.6359,,5.670252156113382,
2004-05-03,17.0249,,5.873749625548462,
2004-06-03,17.029,,5.872335427799636,
2004-07-03,17.2741,,5.789013609970997,
2004-08-03,16.5833,,6.030162874699245,
2004-09-03,16.6199,,6.016883374749547,
2004-10-03,16.8001,,5.952345521752847,
2004-11-03,17.093,,5.850348095711695,
2004-12-03,17.6693,,5.659533767608225,
2005-01-03,18.2323,,5.484771531841842,
2005-02-03,17.6214,,5.674917997434937,
2005-03-03,15.9962,,6.2514847276228105,
2005-04-03,15.6403,,6.393739250525885,
2005-05-03,15.59,,6.414368184733804,
2005-06-03,16.0506,,6.230296686728222,
2005-07-03,16.0149,,6.244185102623182,
2005-08-03,16.4851,,6.066083918204924,
2005-09-03,15.9915,,6.253322077353594,
2005-10-03,16.0349,,6.236396859350542,
2005-11-03,15.708,,6.366182836771072,
2005-12-03,16.4324,,6.085538326720381,
2006-01-03,16.1067,,6.208596422606742,
2006-02-03,16.1745,,6.182571331416737,
2006-03-03,14.8149,,6.749961187723171,
2006-04-03,14.996,,6.668444918644972,
2006-05-03,15.2314,,6.565384665887574,
2006-06-03,14.7556,,6.777088020819215,
2006-07-03,14.6728,,6.81533177035058,
2006-08-03,14.7907,,6.761005226257041,
2006-09-03,15.142,,6.60414740457007,
2006-10-03,15.3732,,6.504826581323342,
2006-11-03,15.8105,,6.324910660636919,
2006-12-03,16.0912,,6.214576911603857,
2007-01-03,16.29,,6.138735420503377,
2007-02-03,16.5042,,6.059063753468814,
2007-03-03,15.0044,,6.664711684572525,
2007-04-03,15.1915,,6.582628443537505,
2007-05-03,15.7328,,6.3561476660225775,
2007-06-03,16.1568,,6.189344424638542,
2007-07-03,15.8064,,6.326551270371495,
2007-08-03,15.1341,,6.607594769427981,
2007-09-03,15.3525,,6.513597134017261,
2007-10-03,15.8299,,6.317159299806063,
2007-11-03,16.4178,,6.090950066391356,
2007-12-03,16.111,,6.20693935820247,
2008-01-03,16.3729,,6.107653500601604,
2008-02-03,15.9203,,6.28128866918337,
2008-03-03,13.6783,,7.310850032533282,
2008-04-03,13.7204,,7.288417247310575,
2008-05-03,14.881,,6.719978496068812,
2008-06-03,15.1848,,6.585532901322376,
2008-07-03,14.1473,,7.068486566341281,
2008-08-03,14.7403,,6.784122439841794,
2008-09-03,15.6362,,6.395415765978946,
2008-10-03,14.0855,,7.099499485286287,
2008-11-03,12.4714,,8.018345975592155,
2008-12-03,11.9613,,8.360295285629489,
2009-01-03,12.4142,,8.055291521000145,
2009-02-03,12.1663,,8.219425790914247,
2009-03-03,11.5965,,8.623291510369507,
2009-04-03,13.0486,,7.663657403859418,
2009-05-03,14.7496,,6.779844877149211,
2009-06-03,15.8118,,6.324390644961358,
2009-07-03,15.2363,,6.563273235628072,
2009-08-03,16.1617,,6.187467902510256,
2009-09-03,16.8012,,5.951955812680046,
2009-10-03,17.33,,5.770340450086556,
2009-11-03,16.5541,,6.040799560229793,
2009-12-03,17.3447,,5.765449964542483,
2010-01-03,18.0105,,5.552316704144804,
2010-02-03,17.1867,,5.818452640704732,
2010-03-03,13.8649,,7.21245735634588,
2010-04-03,14.6668,,6.818119835274224,
2010-05-03,14.4034,,6.942805171001291,
2010-06-03,13.1329,,7.614464436643849,
2010-07-03,12.487,,8.00832866180828,
2010-08-03,13.1595,,7.599072913104601,
2010-09-03,12.5352,,7.977535260705853,
2010-10-03,13.6226,,7.340742589520356,
2010-11-03,14.0027,,7.141479857456062,
2010-12-03,13.9852,,7.150416154220175,
2011-01-03,14.8638,,6.72775467915338,
2011-02-03,14.7834,,6.764343791008834,
2011-03-03,13.6444,,7.329014101023131,
2011-04-03,13.4981,,7.408450078159148,
2011-05-03,13.6429,,7.329819906324902,
2011-06-03,13.4316,,7.445129396348909,
2011-07-03,13.1984,,7.576675960722512,
2011-08-03,12.8947,,7.755124198314036,
2011-09-03,12.2189,,8.184042753439345,
2011-10-03,11.3731,,8.7926774582128,
2011-11-03,12.7419,,7.848123121355528,
2011-12-03,12.6936,,7.877985756601752,
2012-01-03,12.7519,,7.841968647809346,
2012-02-03,13.7022,,7.298098115631067,
2012-03-03,12.9998,,7.692426037323651,
2012-04-03,13.414,,7.45489786789921,
2012-05-03,13.1665,,7.595032848517071,
2012-06-03,12.3875,,8.072653884964682,
2012-07-03,12.9557,,7.718610341394135,
2012-08-03,13.3597,,7.485198020913643,
2012-09-03,13.6552,,7.323217528853477,
2012-10-03,14.023,,7.131141695785495,
2012-11-03,13.8009,,7.245904252621206,
2012-12-03,13.8796,,7.204818582668088,
2013-01-03,13.9466,,7.170206358538999,
2013-02-03,14.6627,,6.820026325301616,
2013-03-03,13.5718,,7.368219396100739,
2013-04-03,14.0267,,7.129260624380645,
2013-05-03,14.364,,6.961849067112225,
2013-06-03,14.6993,,6.80304504296123,
2013-07-03,14.454,,6.918500069185001,
2013-08-03,15.2523,,6.556388216859097,
2013-09-03,14.8017,,6.755980731942953,
2013-10-03,15.2164,,6.571856680949502,
2013-11-03,15.9613,,6.265153840852562,
2013-12-03,16.4426,,6.081763224794133,
2014-01-03,16.7669,,5.9641317118847255,
2014-02-03,16.4708,,6.071350511207712,
2014-03-03,15.7476,,6.350173994767457,
2014-04-03,15.8248,,6.319195187300945,
2014-05-03,15.8545,,6.307357532561733,
2014-06-03,16.1005,,6.210987236421229,
2014-07-03,16.4774,,6.068918640076712,
2014-08-03,16.1422,,6.19494244898465,
2014-09-03,16.8213,,5.9448437397823,
2014-10-03,16.6124,,6.019599817004165,
2014-11-03,16.9348,,5.905000354300022,
2014-12-03,17.4042,,5.745739534135439,
2015-01-03,17.4097,,5.743924364003974,
2015-02-03,17.155,,5.829204313611192,
2015-03-03,17.7133,,5.64547543371365,
2015-04-03,17.4656,,5.725540491022353,
2015-05-03,17.7566,,5.631708773075927,
2015-06-03,17.8221,,5.611011048080754,
2015-07-03,17.5282,,5.705092365445397,
2015-08-03,17.8894,,5.589902400304092,
2015-09-03,16.8627,,5.930248418106235,
2015-10-03,16.4011,,6.097152020291322,
2015-11-03,17.8813,,5.592434554534626,
2015-12-03,17.8202,,5.611609297314284,
2016-01-03,17.4466,,5.731775818784175,
2016-02-03,16.8867,,5.921820130635352,
2016-03-03,16.2474,,6.154830926794442,
2016-04-03,17.4414,,5.733484697329343,
2016-05-03,17.6985,,5.650196344322965,
2016-06-03,17.9635,,5.5668438778634455,
2016-07-03,18.0097,,5.552563340866311,
2016-08-03,18.7362,,5.337261557839904,
2016-09-03,18.8265,,5.311661753379545,
2016-10-03,18.8768,,5.29750805221224,
2016-11-03,18.4531,,5.419143666917754,
2016-12-03,19.0944,,5.237137590078767,
2017-01-03,19.4072,,5.15272682303475,
2017-02-03,20.1231,,4.969413261376229,
2017-03-03,18.266,,5.474652359575168,
2017-04-03,18.1718,,5.50303217072607,
2017-05-03,18.3053,,5.462898723320569,
2017-06-03,18.5706,,5.384855632020506,
2017-07-03,18.6511,,5.361614060296712,
2017-08-03,18.8711,,5.299108160096656,
2017-09-03,18.8751,,5.297985176237477,
2017-10-03,19.3047,,5.180085678617124,
2017-11-03,19.7299,,5.068449409272221,
2017-12-03,20.293,,4.927807618390578,
2018-01-03,20.4216,,4.896775962706154,
2018-02-03,21.9169,,4.562689066428191,
2018-03-03,17.2577,,5.794514912184127,
2018-04-03,16.7442,4.4506,5.972217245374518,1.521617245374518
2018-05-03,16.6385,4.6171,6.010157165609881,1.3930571656098811
2018-06-03,16.9498,4.6212,5.899774628609187,1.2785746286091868
2018-07-03,16.9436,4.6476,5.901933473405888,1.2543334734058875
2018-08-03,17.4906,4.5656,5.717356751626588,1.1517567516265883
2018-09-03,18.0797,4.6053,5.531065227852232,0.9257652278522324
2018-10-03,18.0918,4.7251,5.527365989011597,0.8022659890115964
2018-11-03,16.7995,4.9986,5.952558111848568,0.9539581118485678
2018-12-03,17.1812,5.0334,5.820315228272763,0.786915228272763
2019-01-03,15.6803,4.8321,6.3774290032716205,1.545329003271621
2019-02-03,17.3705,4.6541,5.756886675685789,1.1027866756857891
2019-03-03,16.8311,4.7133,5.941382322011039,1.2280823220110388
2019-04-03,17.1073,4.4563,5.845457787026591,1.3891577870265914
2019-05-03,17.7921,4.3898,5.620472007239168,1.2306720072391677
2019-06-03,16.6918,4.2316,5.990965623839251,1.7593656238392503
2019-07-03,17.928,3.8378,5.577867023650156,1.740067023650156
2019-08-03,18.1732,3.8266,5.502608236304008,1.676008236304008
2019-09-03,17.8742,3.5431,5.594655984603508,2.051555984603508
2019-10-03,18.2076,3.5958,5.492212043322569,1.8964120433225689
2019-11-03,18.6785,3.6087,5.353748962711139,1.745048962711139
2019-12-03,19.614,3.561,5.098399102681758,1.537399102681758
2020-01-03,20.1767,3.5028,4.95621186814494,1.4534118681449395
2020-02-03,20.5013,3.3691,4.87773946042446,1.5086394604244604
2020-03-03,17.086,3.153,5.85274493737563,2.69974493737563
2020-04-03,17.1259,4.0135,5.839109185502659,1.8256091855026595
2020-05-03,22.6242,3.4816,4.4200457916744025,0.9384457916744028
2020-06-03,24.667,3.2699,4.053999270280131,0.784099270280131
2020-07-03,25.0045,3.0708,3.999280129576676,0.928480129576676
2020-08-03,25.7276,2.8036,3.886876350689532,1.0832763506895322
2020-09-03,27.434,2.916,3.645111904935481,0.7291119049354813
2020-10-03,26.257,3.0576,3.8085082073351866,0.7509082073351867
2020-11-03,24.8494,3.0943,4.024242034012894,0.929942034012894
2020-12-03,27.0267,2.8424,3.700044770541723,0.8576447705417234
2021-01-03,28.4061,2.7821,3.52037062461936,0.7382706246193602
2021-02-03,27.9395,3.0606,3.5791621181481417,0.5185621181481417
2021-03-03,21.9609,3.3848,4.553547441134016,1.1687474411340155
2021-04-03,22.6246,3.3748,4.419967645836833,1.0451676458368326
2021-05-03,22.4787,3.3801,4.448655838638356,1.0685558386383556
2021-06-03,22.164,3.3656,4.511820970943873,1.1462209709438729
2021-07-03,22.4856,3.0933,4.447290710499163,1.353990710499163
2021-08-03,22.0096,2.9393,4.5434719395173015,1.6041719395173015
2021-09-03,22.2868,3.031,4.486960891648868,1.4559608916488682
2021-10-03,21.3639,3.1474,4.680793300848627,1.5333933008486271
2021-11-03,22.5819,3.1044,4.428325340206095,1.3239253402060944
2021-12-03,22.3362,2.9721,4.477037275812358,1.5049372758123578
2022-01-03,23.2528,3.2457,4.3005573522328495,1.0548573522328497
2022-02-03,22.1626,3.5917,4.512105980345266,0.9204059803452664
2022-03-03,19.587,3.8723,5.10542706897432,1.23312706897432
2022-04-03,20.0452,3.9834,4.988725480414264,1.0053254804142635
2022-05-03,18.2456,4.815,5.480773446748805,0.6657734467488048
2022-06-03,18.2133,4.7762,5.490493211005145,0.7142932110051445
2022-07-03,16.6551,5.0173,6.0041668918229245,0.9868668918229248
2022-08-03,18.3971,4.6744,5.435639312717766,0.7612393127177652
2022-09-03,17.7404,5.2823,5.636851480237199,0.3545514802371983
2022-10-03,16.1776,5.7541,6.1813866086440505,0.4272866086440503
2022-11-03,17.6485,6.111,5.666203926679322,-0.4447960733206777
2022-12-03,18.7665,5.1939,5.328644126502011,0.134744126502011
2023-01-03,17.6162,5.5224,5.67659313586358,0.1541931358635802
2023-02-03,19.0046,5.1084,5.261883964934805,0.1534839649348054
2023-03-03,17.9435,5.4994,5.573048736311199,0.073648736311199
2023-04-03,18.7296,5.2378,5.339142320177686,0.1013423201776859
2023-05-03,19.0504,5.3188,5.249233611892664,-0.0695663881073365
2023-06-03,19.1621,5.528,5.21863470078958,-0.3093652992104196
2023-07-03,20.425,5.4295,4.895960832313341,-0.5335391676866585
2023-08-03,21.2659,5.7837,4.702363878321632,-1.0813361216783672
2023-09-03,20.6815,5.7553,4.83523922346058,-0.9200607765394198
2023-10-03,19.752,6.396,5.062778452814905,-1.3332215471850946
2023-11-03,19.4399,6.1904,5.144059383021517,-1.0463406169784832
2023-12-03,21.164,5.605,4.725004725004725,-0.8799952749952755
2024-01-03,22.1812,5.3276,4.508322363082249,-0.819277636917751
2024-02-03,22.8334,5.3497,4.379549256790491,-0.9701507432095092
2024-03-03,21.165,5.5146,4.724781478856603,-0.7898185211433963
2024-04-03,21.7391,5.6069,4.600006440009016,-1.006893559990985
2024-05-03,20.7972,5.706,4.808339584174793,-0.8976604158252073
2024-06-03,21.8359,5.5876,4.579614304883243,-1.0079856951167567
2024-07-03,22.6271,5.6342,4.419479296949234,-1.2147207030507658
2024-08-03,22.9586,5.3736,4.355666286271811,-1.0179337137281887
2024-09-03,23.6337,5.3156,4.231246059652107,-1.084353940347893
2024-10-03,24.2435,5.2149,4.124816961247345,-1.0900830387526552
2024-11-03,24.1033,5.644,4.148809499114229,-1.495190500885771
2024-12-03,25.4614,5.4318,3.927513805211025,-1.5042861947889747
2025-01-03,24.8373,5.8343,4.026202526039465,-1.8080974739605349
2025-02-03,25.6755,5.775,3.89476349048704,-1.8802365095129605
2025-03-03,22.0753,5.5354,4.529949762857131,-1.0054502371428695
2025-04-03,20.8842,5.6988,4.788308865075033,-0.9104911349249676
2025-05-03,21.1354,5.9469,4.731398506770631,-1.215501493229369
2025-06-03,22.5097,5.9349,4.44252922073595,-1.49237077926405
2025-07-03,23.5413,5.7424,4.247853771881757,-1.4945462281182431
2025-08-03,23.9361,5.7238,4.17779003262854,-1.54600996737146
2025-09-03,24.2631,5.7517,4.121484888575655,-1.6302151114243442
2025-10-03,25.1702,5.5092,3.972952141818499,-1.5362478581815004
2025-11-03,25.7443,5.612,3.884354983433226,-1.727645016566774
2025-12-03,25.6666,5.5865,3.8961140158805607,-1.6903859841194393
2026-01-03,25.6294,5.7005,3.901769062092753,-1.798730937907247
2026-02-03,26.2946,5.7092,3.803062225704137,-1.9061377742958627
2026-03-03,21.8499,5.6507,4.576679984805423,-1.0740200151945771
2026-04-03,20.1799,5.8426,4.955425943636985,-0.8871740563630146
2026-05-03,21.6824,5.8713,4.6120355680183005,-1.2592644319816992
2026-06-03,22.4092,5.8304,4.462452921121683,-1.3679470788783172
2026-07-03,21.9616,5.8267,4.553402302200204,-1.273297697799796
2026-08-03,21.0953,6.1446,4.740392409683674,-1.404207590316326
2026-09-03,21.4105,6.215,4.670605544008781,-1.5443944559912186
2026-10-03,21.4012,6.6351,4.672635179335738,-1.9624648206642623
